﻿<?xml version="1.0" encoding="utf-8" ?>
<c2eventsheet>
    <!--All the 'name' attributes are ignored by Construct 2 - they are there for readability only.-->
    <name>Act1</name>
    <events>
        <variable constant="0" name="save" sid="882759646374098" static="0" type="number">0</variable>
        <variable constant="0" name="music_vol" sid="650124797952576" static="0" type="number">0</variable>
        <variable constant="0" name="music_gvol" sid="672709145328708" static="0" type="number">0</variable>
        <variable constant="0" name="sound_vol" sid="938313867026995" static="0" type="number">0</variable>
        <variable constant="0" name="xp" sid="758274246339516" static="0" type="number">0</variable>
        <include>EnemyController</include>
        <include>PlayerController</include>
        <variable constant="0" name="BossLevel" sid="877378344285809" static="0" type="number">0</variable>
        <variable constant="0" name="cutscene" sid="638278476816836" static="0" type="text">false</variable>
        <event-block sid="373194045601002">
            <conditions>
                <condition id="-2" name="On start of layout" sid="635957466467559" type="System" />
            </conditions>
            <actions>
                <action id="33" name="Stop all" sid="569882772142844" type="Audio" />
                <action id="-9" name="Set value" sid="254872810113070" type="System">
                    <param id="0" name="Variable">cutscene</param>
                    <param id="1" name="Value">&quot;false&quot;</param>
                </action>
                <action behavior="Pin" id="0" name="Pin to object" sid="677580170317467" type="OnBoat">
                    <param id="0" name="Pin to">boat</param>
                    <param id="1" name="Mode">0</param>
                </action>
                <action behavior="Pin" id="0" name="Pin to object" sid="704938846015761" type="Sprite">
                    <param id="0" name="Pin to">boat</param>
                    <param id="1" name="Mode">0</param>
                </action>
                <action behavior="Pin" id="0" name="Pin to object" sid="944708662569512" type="weaponEn">
                    <param id="0" name="Pin to">Characters10</param>
                    <param id="1" name="Mode">0</param>
                </action>
                <action behavior="jj_Weapon" id="12" name="Set bullet instance" sid="259307035133212" type="weaponEn">
                    <param id="0" name="Bullet">bulletEn</param>
                </action>
                <action disabled="1" id="-1" name="Set X" sid="307422809213246" type="Player">
                    <param id="0" name="X">15000</param>
                </action>
            </actions>
            <sub-events>
                <event-block sid="211556443254614">
                    <conditions>
                        <condition id="-14" name="Compare variable" sid="468409772715467" type="System">
                            <param id="0" name="Variable">save</param>
                            <param id="1" name="Comparison">0</param>
                            <param id="2" name="Value">0</param>
                        </condition>
                    </conditions>
                    <actions>
                        <action id="-9" name="Set value" sid="762196378992268" type="System">
                            <param id="0" name="Variable">music_gvol</param>
                            <param id="1" name="Value">music_vol</param>
                        </action>
                        <action id="0" name="Play" sid="402746552460740" type="Audio">
                            <param id="0" name="Audio file">Grind</param>
                            <param id="2" name="Loop">1</param>
                            <param id="3" name="Volume">music_gvol</param>
                            <param id="1" name="Tag (optional)">&quot;music&quot;</param>
                        </action>
                        <action id="0" name="Add advanced notification" sid="308883184470034" type="Notifications">
                            <param id="0" name="Title">&quot;Grind&quot;</param>
                            <param id="1" name="Text">&quot;by Andrew Huang&quot;</param>
                            <param id="2" name="Image">&quot;&quot;</param>
                            <param id="3" name="Sticky">0</param>
                            <param id="4" name="Notification style">3</param>
                            <param id="5" name="Time">5000</param>
                        </action>
                    </actions>
                </event-block>
                <event-block sid="587860186105675">
                    <conditions>
                        <condition id="-14" name="Compare variable" sid="688958149362637" type="System">
                            <param id="0" name="Variable">save</param>
                            <param id="1" name="Comparison">0</param>
                            <param id="2" name="Value">1</param>
                        </condition>
                    </conditions>
                    <actions>
                        <action id="6" name="Stop" sid="241825779212796" type="Audio">
                            <param id="0" name="Tag">&quot;music&quot;</param>
                        </action>
                        <action id="-1" name="Set X" sid="758039184019947" type="Player">
                            <param id="0" name="X">16665</param>
                        </action>
                        <action id="-1" name="Set X" sid="620816516113080" type="Cam">
                            <param id="0" name="X">Player.X</param>
                        </action>
                        <action behavior="Solid" id="0" name="Set enabled" sid="278665946526416" type="Sprite6">
                            <param id="0" name="State">1</param>
                        </action>
                    </actions>
                </event-block>
            </sub-events>
        </event-block>
        <event-block sid="540986363234025">
            <conditions>
                <condition id="-1" name="Every tick" sid="722489220855581" type="System" />
            </conditions>
            <actions>
                <action id="2" name="Set CSS style" sid="945764724566699" type="ProgressBar">
                    <param id="0" name="Property name">&quot;background-color&quot;</param>
                    <param id="1" name="Value">&quot;red&quot;</param>
                </action>
            </actions>
        </event-block>
        <event-block sid="867805448982415">
            <conditions>
                <condition id="-7" name="Compare instance variable" sid="489179012056385" type="explosion">
                    <param id="0" name="Instance variable">hit</param>
                    <param id="1" name="Comparison">3</param>
                    <param id="2" name="Value">0</param>
                </condition>
            </conditions>
            <actions>
                <action id="0" name="Spawn another object" sid="472444785774691" type="explosion">
                    <param id="0" name="Object">Expl</param>
                    <param id="1" name="Layer">4</param>
                    <param id="2" name="Image point">0</param>
                </action>
                <action id="-9" name="Destroy" sid="410192236645234" type="explosion" />
            </actions>
        </event-block>
        <event-block sid="347043417395734">
            <conditions>
                <condition id="2" name="Key is down" sid="116748766975552" type="Keyboard">
                    <param id="0" name="Key">192</param>
                </condition>
            </conditions>
            <actions>
                <action behavior="PlatformPlus" id="1" name="Set max speed" sid="982920973122918" type="Player">
                    <param id="0" name="Max Speed">1220</param>
                </action>
            </actions>
        </event-block>
        <event-block sid="469840353275512">
            <conditions>
                <condition id="0" name="On collision with another object" sid="684766387867135" type="Player">
                    <param id="0" name="Object">trigg</param>
                </condition>
            </conditions>
            <actions />
            <sub-events>
                <event-block sid="536931760058593">
                    <conditions>
                        <condition id="-7" name="Compare instance variable" sid="880146175690662" type="trigg">
                            <param id="0" name="Instance variable">ForWho</param>
                            <param id="1" name="Comparison">0</param>
                            <param id="2" name="Value">&quot;Player&quot;</param>
                        </condition>
                    </conditions>
                    <actions>
                        <action id="-14" name="Toggle boolean" sid="295204339222912" type="boat">
                            <param id="0" name="Instance variable">poplili</param>
                        </action>
                    </actions>
                </event-block>
                <event-block sid="755264061245926">
                    <conditions>
                        <condition id="-7" name="Compare instance variable" sid="788785070034233" type="trigg">
                            <param id="0" name="Instance variable">ForWho</param>
                            <param id="1" name="Comparison">0</param>
                            <param id="2" name="Value">&quot;ToBoss&quot;</param>
                        </condition>
                        <condition id="-14" name="Compare variable" sid="602233599699152" type="System">
                            <param id="0" name="Variable">BossLevel</param>
                            <param id="1" name="Comparison">0</param>
                            <param id="2" name="Value">0</param>
                        </condition>
                        <condition id="2" inverted="1" name="Is playing" sid="583326001137811" type="Player">
                            <param id="0" name="Animation">&quot;die&quot;</param>
                        </condition>
                    </conditions>
                    <actions>
                        <action id="-9" name="Set value" sid="118934921665001" type="System">
                            <param id="0" name="Variable">cutscene</param>
                            <param id="1" name="Value">&quot;true&quot;</param>
                        </action>
                        <action id="-14" name="Toggle boolean" sid="686697865722843" type="Cam">
                            <param id="0" name="Instance variable">cutscene</param>
                        </action>
                        <action id="-14" name="Toggle boolean" sid="697333578894904" type="Cam">
                            <param id="0" name="Instance variable">platforming</param>
                        </action>
                    </actions>
                </event-block>
            </sub-events>
        </event-block>
        <event-block sid="873427052851383">
            <conditions>
                <condition id="-1" name="Compare X" sid="624174913058252" type="Player">
                    <param id="0" name="Comparison">5</param>
                    <param id="1" name="X co-ordinate">17500</param>
                </condition>
                <condition id="-4" name="Trigger once while true" sid="587847840931756" type="System" />
                <condition id="2" inverted="1" name="Is playing" sid="741027207255808" type="Player">
                    <param id="0" name="Animation">&quot;die&quot;</param>
                </condition>
            </conditions>
            <actions>
                <action id="-13" name="Set boolean" sid="564453941394604" type="Player">
                    <param id="0" name="Instance variable">GoToRight</param>
                    <param id="1" name="Value">0</param>
                </action>
                <action id="-9" name="Set value" sid="860004047074564" type="System">
                    <param id="0" name="Variable">cutscene</param>
                    <param id="1" name="Value">&quot;false&quot;</param>
                </action>
                <action id="-9" name="Destroy" sid="247654466682855" type="Cam" />
                <action id="-9" name="Set value" sid="977191244470862" type="System">
                    <param id="0" name="Variable">BossLevel</param>
                    <param id="1" name="Value">1</param>
                </action>
            </actions>
        </event-block>
        <event-block sid="630039565575297">
            <conditions>
                <condition id="-8" name="Is boolean instance variable set" sid="878840539576250" type="boat">
                    <param id="0" name="Instance variable">poplili</param>
                </condition>
            </conditions>
            <actions>
                <action id="-1" name="Set X" sid="644047956862509" type="boat">
                    <param id="0" name="X">boat.X+110*boat.dt</param>
                </action>
            </actions>
        </event-block>
        <event-block sid="255713003454608">
            <conditions>
                <condition id="0" name="On collision with another object" sid="797718318927821" type="boat">
                    <param id="0" name="Object">trigg</param>
                </condition>
                <condition id="-7" name="Compare instance variable" sid="515395067854792" type="trigg">
                    <param id="0" name="Instance variable">ForWho</param>
                    <param id="1" name="Comparison">0</param>
                    <param id="2" name="Value">&quot;Boat&quot;</param>
                </condition>
            </conditions>
            <actions>
                <action id="-14" name="Toggle boolean" sid="320368403996910" type="boat">
                    <param id="0" name="Instance variable">poplili</param>
                </action>
            </actions>
        </event-block>
        <event-block sid="489963133422382">
            <conditions>
                <condition id="-8" name="Is boolean instance variable set" sid="841495664794489" type="Cam">
                    <param id="0" name="Instance variable">cutscene</param>
                </condition>
                <condition id="-8" name="Is boolean instance variable set" sid="462247304853635" type="Cam">
                    <param id="0" name="Instance variable">platforming</param>
                </condition>
            </conditions>
            <actions>
                <action behavior="Platform" id="11" name="Set enabled" sid="936162322056370" type="Cam">
                    <param id="0" name="State">1</param>
                </action>
                <action behavior="Platform" id="7" name="Simulate control" sid="227920682688877" type="Cam">
                    <param id="0" name="Control">1</param>
                </action>
            </actions>
        </event-block>
        <event-block sid="997753402756915">
            <conditions>
                <condition id="-1" name="Compare X" sid="141527277241343" type="Cam">
                    <param id="0" name="Comparison">5</param>
                    <param id="1" name="X co-ordinate">17360</param>
                </condition>
                <condition id="-4" name="Trigger once while true" sid="996894790255943" type="System" />
            </conditions>
            <actions>
                <action behavior="Platform" id="11" name="Set enabled" sid="501015392785222" type="Cam">
                    <param id="0" name="State">0</param>
                </action>
                <action id="-14" name="Toggle boolean" sid="562948847216410" type="Cam">
                    <param id="0" name="Instance variable">platforming</param>
                </action>
                <action id="-14" name="Toggle boolean" sid="558798626531961" type="Player">
                    <param id="0" name="Instance variable">GoToRight</param>
                </action>
            </actions>
        </event-block>
        <event-block sid="526856954481987">
            <conditions>
                <condition id="-8" name="Is boolean instance variable set" sid="796759375187552" type="Player">
                    <param id="0" name="Instance variable">GoToRight</param>
                </condition>
            </conditions>
            <actions>
                <action behavior="PlatformPlus" id="7" name="Simulate control" sid="197128912027134" type="Player">
                    <param id="0" name="Control">1</param>
                </action>
            </actions>
        </event-block>
        <event-block sid="945287593603593">
            <conditions>
                <condition id="-14" name="Compare variable" sid="817544997465218" type="System">
                    <param id="0" name="Variable">BossLevel</param>
                    <param id="1" name="Comparison">0</param>
                    <param id="2" name="Value">1</param>
                </condition>
            </conditions>
            <actions>
                <action behavior="Solid" id="0" name="Set enabled" sid="872226632312008" type="Sprite2">
                    <param id="0" name="State">1</param>
                </action>
            </actions>
        </event-block>
        <event-block sid="540301209057975">
            <conditions>
                <condition id="2" name="Key is down" sid="275045625994632" type="Keyboard">
                    <param id="0" name="Key">82</param>
                </condition>
            </conditions>
            <actions>
                <action behavior="Physics" id="27" name="Set enabled" sid="240802413938121" type="Player">
                    <param id="0" name="Mode">0</param>
                </action>
                <action behavior="PlatformPlus" id="11" name="Set enabled" sid="559659568430014" type="Player">
                    <param id="0" name="State">1</param>
                </action>
            </actions>
        </event-block>
        <event-group description="" sid="401280769739434" title="Boss">
            <sub-events>
                <event-block sid="232287404941771">
                    <conditions>
                        <condition id="-7" name="Compare instance variable" sid="578028770709986" type="Characters10">
                            <param id="0" name="Instance variable">stadia</param>
                            <param id="1" name="Comparison">0</param>
                            <param id="2" name="Value">1</param>
                        </condition>
                        <condition id="-4" name="Trigger once while true" sid="878362561292177" type="System" />
                    </conditions>
                    <actions>
                        <action id="33" name="Stop all" sid="769408106039075" type="Audio" />
                        <action id="0" name="Play" sid="698497472392402" type="Audio">
                            <param id="0" name="Audio file">BustinLooseWLead</param>
                            <param id="2" name="Loop">1</param>
                            <param id="3" name="Volume">music_vol</param>
                            <param id="1" name="Tag (optional)">&quot;bossmusic&quot;</param>
                        </action>
                        <action id="6" name="Stop" sid="616421014152621" type="Audio">
                            <param id="0" name="Tag">&quot;music&quot;</param>
                        </action>
                        <action id="0" name="Add advanced notification" sid="465842810017545" type="Notifications">
                            <param id="0" name="Title">&quot;BustinLooseWLead&quot;</param>
                            <param id="1" name="Text">&quot;by Audionautix.com&quot;</param>
                            <param id="2" name="Image">&quot;&quot;</param>
                            <param id="3" name="Sticky">0</param>
                            <param id="4" name="Notification style">3</param>
                            <param id="5" name="Time">5000</param>
                        </action>
                    </actions>
                </event-block>
                <event-block sid="995167283817524">
                    <conditions>
                        <condition id="-14" name="Compare variable" sid="363564344503892" type="System">
                            <param id="0" name="Variable">BossLevel</param>
                            <param id="1" name="Comparison">0</param>
                            <param id="2" name="Value">1</param>
                        </condition>
                    </conditions>
                    <actions>
                        <action id="1" name="Set visible" sid="393398445432097" type="ProgressBar">
                            <param id="0" name="Visibility">1</param>
                        </action>
                    </actions>
                    <sub-events>
                        <event-block sid="671836601758696">
                            <conditions>
                                <condition id="-7" name="Compare instance variable" sid="697677189104693" type="Characters10">
                                    <param id="0" name="Instance variable">stadia</param>
                                    <param id="1" name="Comparison">0</param>
                                    <param id="2" name="Value">0</param>
                                </condition>
                            </conditions>
                            <actions />
                            <sub-events>
                                <event-block sid="441799950042268">
                                    <conditions>
                                        <condition id="1" name="Compare progress" sid="941959527225710" type="ProgressBar">
                                            <param id="0" name="Comparison">1</param>
                                            <param id="1" name="Value">5000</param>
                                        </condition>
                                    </conditions>
                                    <actions />
                                    <sub-events>
                                        <event-block sid="903641649166700">
                                            <conditions>
                                                <condition id="-1" name="Every tick" sid="778869261035604" type="System" />
                                            </conditions>
                                            <actions>
                                                <action id="3" name="Set progress" sid="536951972097993" type="ProgressBar">
                                                    <param id="0" name="Value">ProgressBar.Progress+100</param>
                                                </action>
                                            </actions>
                                        </event-block>
                                    </sub-events>
                                </event-block>
                                <event-block sid="418956951777476">
                                    <conditions>
                                        <condition id="1" name="Compare progress" sid="510937447961406" type="ProgressBar">
                                            <param id="0" name="Comparison">0</param>
                                            <param id="1" name="Value">5000</param>
                                        </condition>
                                    </conditions>
                                    <actions>
                                        <action id="-10" name="Set value" sid="936673096626130" type="Characters10">
                                            <param id="0" name="Instance variable">stadia</param>
                                            <param id="1" name="Value">1</param>
                                        </action>
                                    </actions>
                                </event-block>
                            </sub-events>
                        </event-block>
                        <event-block sid="530199022202280">
                            <conditions>
                                <condition id="-7" name="Compare instance variable" sid="322254741180641" type="Characters10">
                                    <param id="0" name="Instance variable">stadia</param>
                                    <param id="1" name="Comparison">0</param>
                                    <param id="2" name="Value">1</param>
                                </condition>
                            </conditions>
                            <actions />
                            <sub-events>
                                <event-block sid="175079989342534">
                                    <conditions>
                                        <condition id="-1" name="Every tick" sid="496223156429182" type="System" />
                                    </conditions>
                                    <actions>
                                        <action id="3" name="Set progress" sid="848263255689879" type="ProgressBar">
                                            <param id="0" name="Value">Characters10.hp</param>
                                        </action>
                                    </actions>
                                </event-block>
                            </sub-events>
                        </event-block>
                    </sub-events>
                </event-block>
                <event-block sid="778577473551040">
                    <conditions>
                        <condition id="0" name="On collision with another object" sid="942590331830295" type="Characters10">
                            <param id="0" name="Object">BossTriggs</param>
                        </condition>
                    </conditions>
                    <actions />
                    <sub-events>
                        <event-block any="1" sid="728847130589689">
                            <conditions>
                                <condition id="-7" name="Compare instance variable" sid="683581437840998" type="Characters10">
                                    <param id="0" name="Instance variable">stadia</param>
                                    <param id="1" name="Comparison">0</param>
                                    <param id="2" name="Value">1</param>
                                </condition>
                                <condition id="-7" name="Compare instance variable" sid="566617252127652" type="Characters10">
                                    <param id="0" name="Instance variable">stadia</param>
                                    <param id="1" name="Comparison">0</param>
                                    <param id="2" name="Value">2</param>
                                </condition>
                            </conditions>
                            <actions />
                            <sub-events>
                                <event-block sid="804212727235994">
                                    <conditions>
                                        <condition id="-7" name="Compare instance variable" sid="475206061030195" type="BossTriggs">
                                            <param id="0" name="Instance variable">direct</param>
                                            <param id="1" name="Comparison">0</param>
                                            <param id="2" name="Value">&quot;downLeft&quot;</param>
                                        </condition>
                                    </conditions>
                                    <actions>
                                        <action id="-3" name="Create object" sid="634645238642157" type="System">
                                            <param id="0" name="Object to create">barrel</param>
                                            <param id="1" name="Layer">2</param>
                                            <param id="2" name="X">random(17137, 17549)</param>
                                            <param id="3" name="Y">-68</param>
                                        </action>
                                        <action id="-3" name="Create object" sid="302465193157696" type="System">
                                            <param id="0" name="Object to create">barrel</param>
                                            <param id="1" name="Layer">2</param>
                                            <param id="2" name="X">random(17137, 17549)</param>
                                            <param id="3" name="Y">-68</param>
                                        </action>
                                        <action id="7" name="Set mirrored" sid="244310004300549" type="weaponEn">
                                            <param id="0" name="State">0</param>
                                        </action>
                                        <action id="-10" name="Set value" sid="558564929314308" type="Characters10">
                                            <param id="0" name="Instance variable">move</param>
                                            <param id="1" name="Value">&quot;stop&quot;</param>
                                        </action>
                                        <action id="-41" name="Wait for signal" sid="789401771150570" type="System">
                                            <param id="0" name="Tag">&quot;go&quot;</param>
                                        </action>
                                        <action id="-10" name="Set value" sid="120462956501091" type="Characters10">
                                            <param id="0" name="Instance variable">move</param>
                                            <param id="1" name="Value">&quot;right&quot;</param>
                                        </action>
                                    </actions>
                                </event-block>
                                <event-block sid="789050758347824">
                                    <conditions>
                                        <condition id="-7" name="Compare instance variable" sid="584053176304884" type="BossTriggs">
                                            <param id="0" name="Instance variable">direct</param>
                                            <param id="1" name="Comparison">0</param>
                                            <param id="2" name="Value">&quot;downRight&quot;</param>
                                        </condition>
                                    </conditions>
                                    <actions>
                                        <action id="-3" name="Create object" sid="687617879632493" type="System">
                                            <param id="0" name="Object to create">barrel</param>
                                            <param id="1" name="Layer">2</param>
                                            <param id="2" name="X">random(17137, 17549)</param>
                                            <param id="3" name="Y">-68</param>
                                        </action>
                                        <action id="-3" name="Create object" sid="661293491853015" type="System">
                                            <param id="0" name="Object to create">barrel</param>
                                            <param id="1" name="Layer">2</param>
                                            <param id="2" name="X">random(17137, 17549)</param>
                                            <param id="3" name="Y">-68</param>
                                        </action>
                                        <action id="7" name="Set mirrored" sid="373505741185974" type="weaponEn">
                                            <param id="0" name="State">1</param>
                                        </action>
                                        <action id="-10" name="Set value" sid="577282390097046" type="Characters10">
                                            <param id="0" name="Instance variable">move</param>
                                            <param id="1" name="Value">&quot;stop&quot;</param>
                                        </action>
                                        <action id="-41" name="Wait for signal" sid="541757874929208" type="System">
                                            <param id="0" name="Tag">&quot;go&quot;</param>
                                        </action>
                                        <action id="-10" name="Set value" sid="290459353610574" type="Characters10">
                                            <param id="0" name="Instance variable">move</param>
                                            <param id="1" name="Value">&quot;left&quot;</param>
                                        </action>
                                    </actions>
                                </event-block>
                            </sub-events>
                        </event-block>
                    </sub-events>
                </event-block>
                <event-block sid="737741022819634">
                    <conditions>
                        <condition id="-7" name="Compare instance variable" sid="431128346255528" type="Characters10">
                            <param id="0" name="Instance variable">stadia</param>
                            <param id="1" name="Comparison">0</param>
                            <param id="2" name="Value">1</param>
                        </condition>
                    </conditions>
                    <actions />
                    <sub-events>
                        <event-block sid="319719456332832">
                            <conditions>
                                <condition id="-7" name="Compare instance variable" sid="126859383844713" type="Characters10">
                                    <param id="0" name="Instance variable">move</param>
                                    <param id="1" name="Comparison">0</param>
                                    <param id="2" name="Value">&quot;left&quot;</param>
                                </condition>
                            </conditions>
                            <actions>
                                <action behavior="8Direction" id="7" name="Simulate control" sid="481409528840819" type="Characters10">
                                    <param id="0" name="Control">0</param>
                                </action>
                                <action id="7" name="Set mirrored" sid="866677843491608" type="Characters10">
                                    <param id="0" name="State">1</param>
                                </action>
                            </actions>
                        </event-block>
                        <event-block sid="809912044292054">
                            <conditions>
                                <condition id="-7" name="Compare instance variable" sid="313424856815815" type="Characters10">
                                    <param id="0" name="Instance variable">move</param>
                                    <param id="1" name="Comparison">0</param>
                                    <param id="2" name="Value">&quot;right&quot;</param>
                                </condition>
                            </conditions>
                            <actions>
                                <action behavior="8Direction" id="7" name="Simulate control" sid="606604951698838" type="Characters10">
                                    <param id="0" name="Control">1</param>
                                </action>
                                <action id="7" name="Set mirrored" sid="107662661997860" type="Characters10">
                                    <param id="0" name="State">0</param>
                                </action>
                            </actions>
                        </event-block>
                    </sub-events>
                </event-block>
                <event-block sid="500770285784734">
                    <conditions>
                        <condition id="-7" name="Compare instance variable" sid="552779617717741" type="Characters10">
                            <param id="0" name="Instance variable">move</param>
                            <param id="1" name="Comparison">0</param>
                            <param id="2" name="Value">&quot;stop&quot;</param>
                        </condition>
                        <condition id="-7" inverted="1" name="Compare instance variable" sid="921495177110962" type="Characters10">
                            <param id="0" name="Instance variable">hp</param>
                            <param id="1" name="Comparison">3</param>
                            <param id="2" name="Value">16</param>
                        </condition>
                        <condition id="-4" name="Trigger once while true" sid="546849126935386" type="System" />
                    </conditions>
                    <actions>
                        <action id="-16" name="Wait" sid="718677102309167" type="System">
                            <param id="0" name="Seconds">1.0</param>
                        </action>
                        <action id="-13" name="Set boolean" sid="175660761270896" type="Characters10">
                            <param id="0" name="Instance variable">shoot</param>
                            <param id="1" name="Value">1</param>
                        </action>
                        <action id="-16" name="Wait" sid="546798168996403" type="System">
                            <param id="0" name="Seconds">2.0</param>
                        </action>
                        <action id="-13" name="Set boolean" sid="804134193021717" type="Characters10">
                            <param id="0" name="Instance variable">shoot</param>
                            <param id="1" name="Value">0</param>
                        </action>
                        <action id="-16" name="Wait" sid="535164936903215" type="System">
                            <param id="0" name="Seconds">0.5</param>
                        </action>
                        <action id="-42" name="Signal" sid="138163167608833" type="System">
                            <param id="0" name="Tag">&quot;go&quot;</param>
                        </action>
                    </actions>
                </event-block>
                <event-block sid="255837093095370">
                    <conditions>
                        <condition id="-8" name="Is boolean instance variable set" sid="547976375300989" type="Characters10">
                            <param id="0" name="Instance variable">shoot</param>
                        </condition>
                    </conditions>
                    <actions>
                        <action behavior="jj_Weapon" id="0" name="Make a shoot" sid="198619886371424" type="weaponEn" />
                    </actions>
                </event-block>
                <event-block sid="317017674207166">
                    <conditions>
                        <condition id="-18" name="On created" sid="692622413883577" type="bulletEn" />
                    </conditions>
                    <actions />
                    <sub-events>
                        <event-block sid="203874502074764">
                            <conditions>
                                <condition id="7" name="Is mirrored" sid="602702282503064" type="weaponEn" />
                            </conditions>
                            <actions>
                                <action behavior="Bullet" id="3" name="Set angle of motion" sid="780866420080592" type="bulletEn">
                                    <param id="0" name="Angle">0</param>
                                </action>
                                <action id="-16" name="Wait" sid="123740645105991" type="System">
                                    <param id="0" name="Seconds">2</param>
                                </action>
                                <action id="-9" name="Destroy" sid="885024489281574" type="bulletEn" />
                            </actions>
                        </event-block>
                        <event-block sid="771970407188185">
                            <conditions>
                                <condition id="7" inverted="1" name="Is mirrored" sid="837120815994267" type="weaponEn" />
                            </conditions>
                            <actions>
                                <action behavior="Bullet" id="3" name="Set angle of motion" sid="682415401519131" type="bulletEn">
                                    <param id="0" name="Angle">180</param>
                                </action>
                                <action id="-16" name="Wait" sid="406403244252991" type="System">
                                    <param id="0" name="Seconds">2</param>
                                </action>
                                <action id="-9" name="Destroy" sid="831364917430194" type="bulletEn" />
                            </actions>
                        </event-block>
                    </sub-events>
                </event-block>
                <event-block disabled="1" sid="644202171889048">
                    <conditions>
                        <condition behavior="jj_Weapon" id="4" name="Shoot" sid="209782891745884" type="weaponEn" />
                    </conditions>
                    <actions />
                </event-block>
                <event-block sid="825921961659572">
                    <conditions>
                        <condition id="0" name="On collision with another object" sid="402420675127906" type="bullet">
                            <param id="0" name="Object">Characters10</param>
                        </condition>
                    </conditions>
                    <actions>
                        <action id="-12" name="Subtract from" sid="995972666446689" type="Characters10">
                            <param id="0" name="Instance variable">hp</param>
                            <param id="1" name="Value">int(random(45, 69))</param>
                        </action>
                        <action id="-9" name="Destroy" sid="182426018566348" type="bullet" />
                    </actions>
                </event-block>
                <event-block sid="613064467710773">
                    <conditions>
                        <condition behavior="Physics" id="0" name="Is sleeping" sid="218881974190505" type="Characters10" />
                    </conditions>
                    <actions>
                        <action id="-13" name="Set time scale" sid="519149487084665" type="System">
                            <param id="0" name="Time scale">1.0</param>
                        </action>
                        <action id="-16" name="Wait" sid="146656446352592" type="System">
                            <param id="0" name="Seconds">2.0</param>
                        </action>
                        <action id="-2" name="Go to layout" sid="738695771278454" type="System">
                            <param id="0" name="Layout">menu</param>
                        </action>
                    </actions>
                </event-block>
                <event-block sid="553753878795842">
                    <conditions>
                        <condition id="-7" name="Compare instance variable" sid="342248517286903" type="Characters10">
                            <param id="0" name="Instance variable">hp</param>
                            <param id="1" name="Comparison">3</param>
                            <param id="2" name="Value">16</param>
                        </condition>
                        <condition id="-4" name="Trigger once while true" sid="830713683506669" type="System" />
                    </conditions>
                    <actions>
                        <action id="4" name="Set animation" sid="786446628268685" type="Characters10">
                            <param id="0" name="Animation">&quot;idle&quot;</param>
                            <param id="1" name="From">1</param>
                        </action>
                        <action behavior="8Direction" id="8" name="Set enabled" sid="346978611021150" type="Characters10">
                            <param id="0" name="State">0</param>
                        </action>
                        <action behavior="Physics" id="27" name="Set enabled" sid="432779794644253" type="Characters10">
                            <param id="0" name="Mode">1</param>
                        </action>
                        <action id="-13" name="Set time scale" sid="867316877562251" type="System">
                            <param id="0" name="Time scale">0.3</param>
                        </action>
                        <action behavior="Rotate" id="0" name="Set speed" sid="888776364185416" type="Characters10">
                            <param id="0" name="Speed">180</param>
                        </action>
                        <action behavior="Physics" id="5" name="Apply impulse at angle" sid="821304860965099" type="Characters10">
                            <param id="0" name="Impulse">100</param>
                            <param id="1" name="Angle">random(40, 80)</param>
                            <param id="2" name="Image point">0</param>
                        </action>
                        <action id="-16" name="Wait" sid="344302109799806" type="System">
                            <param id="0" name="Seconds">0.3</param>
                        </action>
                        <action behavior="Rotate" id="0" name="Set speed" sid="691786083278840" type="Characters10">
                            <param id="0" name="Speed">0</param>
                        </action>
                    </actions>
                </event-block>
                <event-block sid="726380314270871">
                    <conditions>
                        <condition behavior="8Direction" id="0" name="Is moving" sid="197218397546506" type="Characters10" />
                    </conditions>
                    <actions>
                        <action id="4" name="Set animation" sid="958308809126098" type="Characters10">
                            <param id="0" name="Animation">&quot;walk&quot;</param>
                            <param id="1" name="From">1</param>
                        </action>
                    </actions>
                </event-block>
                <event-block sid="149196340279504">
                    <conditions>
                        <condition behavior="8Direction" id="0" inverted="1" name="Is moving" sid="620302650957822" type="Characters10" />
                    </conditions>
                    <actions>
                        <action id="4" name="Set animation" sid="442708321821403" type="Characters10">
                            <param id="0" name="Animation">&quot;idle&quot;</param>
                            <param id="1" name="From">1</param>
                        </action>
                    </actions>
                </event-block>
                <event-block sid="512609293669737">
                    <conditions>
                        <condition id="0" name="On collision with another object" sid="738656950742521" type="bulletEn">
                            <param id="0" name="Object">barrel</param>
                        </condition>
                    </conditions>
                    <actions>
                        <action id="-9" name="Destroy" sid="406947392399983" type="bulletEn" />
                        <action id="-12" name="Subtract from" sid="704600010045436" type="barrel">
                            <param id="0" name="Instance variable">hit</param>
                            <param id="1" name="Value">1</param>
                        </action>
                    </actions>
                </event-block>
            </sub-events>
        </event-group>
        <event-block sid="953602614964231">
            <conditions>
                <condition id="-1" name="Compare X" sid="632755911832007" type="Player">
                    <param id="0" name="Comparison">5</param>
                    <param id="1" name="X co-ordinate">16655</param>
                </condition>
                <condition id="-14" name="Compare variable" sid="729212000142918" type="System">
                    <param id="0" name="Variable">BossLevel</param>
                    <param id="1" name="Comparison">0</param>
                    <param id="2" name="Value">0</param>
                </condition>
                <condition id="2" inverted="1" name="Is playing" sid="126985396288081" type="Player">
                    <param id="0" name="Animation">&quot;die&quot;</param>
                </condition>
            </conditions>
            <actions />
            <sub-events>
                <event-block sid="632838902920874">
                    <conditions>
                        <condition id="-6" name="Every X seconds" sid="972923828916876" type="System">
                            <param id="0" name="Interval (seconds)">0.3</param>
                        </condition>
                    </conditions>
                    <actions>
                        <action id="3" name="Set volume" sid="623129126211616" type="Audio">
                            <param id="0" name="Tag">&quot;music&quot;</param>
                            <param id="1" name="dB">Audio.Volume(&quot;music&quot;)-10</param>
                        </action>
                    </actions>
                </event-block>
            </sub-events>
        </event-block>
        <event-block sid="378194187862590">
            <conditions>
                <condition id="-1" name="Compare X" sid="668337113989252" type="Player">
                    <param id="0" name="Comparison">5</param>
                    <param id="1" name="X co-ordinate">16657</param>
                </condition>
                <condition id="2" inverted="1" name="Is playing" sid="449601859716398" type="Player">
                    <param id="0" name="Animation">&quot;die&quot;</param>
                </condition>
                <condition id="-4" name="Trigger once while true" sid="379941954370889" type="System" />
            </conditions>
            <actions>
                <action id="-9" name="Set value" sid="152419974336423" type="System">
                    <param id="0" name="Variable">save</param>
                    <param id="1" name="Value">1</param>
                </action>
            </actions>
        </event-block>
    </events>
</c2eventsheet>
