﻿<?xml version="1.0" encoding="utf-8" ?>
<c2eventsheet>
    <!--All the 'name' attributes are ignored by Construct 2 - they are there for readability only.-->
    <name>cutscene1</name>
    <events>
        <include>dials</include>
        <include>PlayerController</include>
        <event-block sid="523421325546660">
            <conditions>
                <condition id="-2" name="On start of layout" sid="131332065917064" type="System" />
            </conditions>
            <actions>
                <action id="-9" name="Set value" sid="749659031009389" type="System">
                    <param id="0" name="Variable">cutscene</param>
                    <param id="1" name="Value">&quot;true&quot;</param>
                </action>
                <action id="-4" name="Set layer visible" sid="726555405834346" type="System">
                    <param id="0" name="Layer">2</param>
                    <param id="1" name="Visibility">1</param>
                </action>
                <action id="33" name="Stop all" sid="601949664785337" type="Audio" />
                <action id="0" name="Set text" sid="825529866150017" type="NameGial">
                    <param id="0" name="Text">&quot;DimasSAS&quot;</param>
                </action>
                <action behavior="Typing" id="3" name="Type text" sid="577364848435935" type="textDial">
                    <param id="0" name="Text">&quot;*Опять что-то по NoEXE!*&quot;</param>
                    <param id="1" name="Speed">0.1</param>
                </action>
            </actions>
        </event-block>
        <event-block sid="759546519229444">
            <conditions>
                <condition id="-8" name="Is boolean instance variable set" sid="681225962875202" type="Player">
                    <param id="0" name="Instance variable">GoToRight</param>
                </condition>
            </conditions>
            <actions>
                <action behavior="PlatformPlus" id="7" name="Simulate control" sid="942641617658062" type="Player">
                    <param id="0" name="Control">1</param>
                </action>
            </actions>
        </event-block>
        <event-block sid="532230042021613">
            <conditions>
                <condition id="0" name="On collision with another object" sid="571372435854235" type="Player">
                    <param id="0" name="Object">trigg</param>
                </condition>
                <condition id="-7" name="Compare instance variable" sid="106781010576501" type="trigg">
                    <param id="0" name="Instance variable">ForWho</param>
                    <param id="1" name="Comparison">0</param>
                    <param id="2" name="Value">&quot;Player1&quot;</param>
                </condition>
            </conditions>
            <actions>
                <action id="-13" name="Set boolean" sid="474865489039526" type="Player">
                    <param id="0" name="Instance variable">GoToRight</param>
                    <param id="1" name="Value">0</param>
                </action>
                <action id="-9" name="Destroy" sid="450026013524788" type="trigg" />
                <action id="6" name="Stop" sid="684332449553835" type="Audio">
                    <param id="0" name="Tag">&quot;discord&quot;</param>
                </action>
                <action id="-16" name="Wait" sid="810247808295602" type="System">
                    <param id="0" name="Seconds">1.0</param>
                </action>
                <action id="-4" name="Set layer visible" sid="631361632929531" type="System">
                    <param id="0" name="Layer">2</param>
                    <param id="1" name="Visibility">1</param>
                </action>
                <action id="0" name="Set text" sid="769900316681619" type="NameGial">
                    <param id="0" name="Text">&quot;???&quot;</param>
                </action>
                <action behavior="Typing" id="3" name="Type text" sid="744934883727206" type="textDial">
                    <param id="0" name="Text">&quot;Ну что? Здарова, дэбил&quot;</param>
                    <param id="1" name="Speed">0.1</param>
                </action>
            </actions>
        </event-block>
        <event-block sid="990071563787979">
            <conditions>
                <condition id="14" name="On tap" sid="848589691175791" type="Touch" />
                <condition behavior="Typing" id="3" inverted="1" name="Is text typing" sid="299759941251890" type="textDial" />
                <condition id="0" name="Compare text" sid="973428106923508" type="textDial">
                    <param id="0" name="Text to compare">&quot;*Опять что-то по NoEXE!*&quot;</param>
                    <param id="1" name="Case sensitivity">0</param>
                </condition>
                <condition id="4" inverted="1" name="Is any playing" sid="337987848067067" type="Audio" />
            </conditions>
            <actions>
                <action id="0" name="Play" sid="379193750346331" type="Audio">
                    <param id="0" name="Audio file">discord</param>
                    <param id="2" name="Loop">1</param>
                    <param id="3" name="Volume">0</param>
                    <param id="1" name="Tag (optional)">&quot;discord&quot;</param>
                </action>
                <action id="-16" name="Wait" sid="306334623607839" type="System">
                    <param id="0" name="Seconds">1</param>
                </action>
                <action id="-4" name="Set layer visible" sid="470147338278847" type="System">
                    <param id="0" name="Layer">2</param>
                    <param id="1" name="Visibility">0</param>
                </action>
                <action id="-16" name="Wait" sid="435384252743729" type="System">
                    <param id="0" name="Seconds">1</param>
                </action>
                <action behavior="Fade" id="1" name="Start fade" sid="627636736041777" type="TiledBackground3" />
            </actions>
        </event-block>
        <event-block sid="888164604559883">
            <conditions>
                <condition behavior="Fade" id="0" name="On fade-out finished" sid="552641339051810" type="TiledBackground3" />
            </conditions>
            <actions>
                <action id="-16" name="Wait" sid="507783478337358" type="System">
                    <param id="0" name="Seconds">1</param>
                </action>
                <action id="-13" name="Set boolean" sid="137880618135088" type="Player">
                    <param id="0" name="Instance variable">GoToRight</param>
                    <param id="1" name="Value">1</param>
                </action>
            </actions>
        </event-block>
        <event-block sid="645868553105723">
            <conditions>
                <condition id="14" name="On tap" sid="822812209436762" type="Touch" />
                <condition id="0" name="Compare text" sid="116763920975268" type="textDial">
                    <param id="0" name="Text to compare">&quot;Ну что? Здарова, дэбил&quot;</param>
                    <param id="1" name="Case sensitivity">0</param>
                </condition>
                <condition behavior="Typing" id="3" inverted="1" name="Is text typing" sid="401763243761171" type="textDial" />
            </conditions>
            <actions>
                <action id="0" name="Set text" sid="200960299811173" type="NameGial">
                    <param id="0" name="Text">&quot;DimasSAS&quot;</param>
                </action>
                <action behavior="Typing" id="3" name="Type text" sid="982109247750726" type="textDial">
                    <param id="0" name="Text">&quot;Тебя чо, уебать щтоли&quot;</param>
                    <param id="1" name="Speed">0.1</param>
                </action>
            </actions>
        </event-block>
        <event-block sid="690709128294838">
            <conditions>
                <condition id="14" name="On tap" sid="816233195010266" type="Touch" />
                <condition id="0" name="Compare text" sid="634914897521814" type="textDial">
                    <param id="0" name="Text to compare">&quot;Тебя чо, уебать щтоли&quot;</param>
                    <param id="1" name="Case sensitivity">0</param>
                </condition>
                <condition behavior="Typing" id="3" inverted="1" name="Is text typing" sid="843783431323894" type="textDial" />
            </conditions>
            <actions>
                <action id="0" name="Set text" sid="152657271661206" type="NameGial">
                    <param id="0" name="Text">&quot;???&quot;</param>
                </action>
                <action behavior="Typing" id="3" name="Type text" sid="854959818347860" type="textDial">
                    <param id="0" name="Text">&quot;Короче, жопа тебе. Мы начинаем атаку EXE!!!!!!!!!!!!!!!!&quot;</param>
                    <param id="1" name="Speed">0.1</param>
                </action>
                <action behavior="Fade" id="2" name="Set fade-in time" sid="234067706646510" type="TiledBackground3">
                    <param id="0" name="Fade-in time">2</param>
                </action>
                <action behavior="Fade" id="3" name="Set wait time" sid="251902317262890" type="TiledBackground3">
                    <param id="0" name="Wait time">10</param>
                </action>
            </actions>
        </event-block>
        <event-block sid="757621554189222">
            <conditions>
                <condition id="14" name="On tap" sid="247490677630824" type="Touch" />
                <condition id="0" name="Compare text" sid="234239143204477" type="textDial">
                    <param id="0" name="Text to compare">&quot;Короче, жопа тебе. Мы начинаем атаку EXE!!!!!!!!!!!!!!!!&quot;</param>
                    <param id="1" name="Case sensitivity">0</param>
                </condition>
                <condition behavior="Typing" id="3" inverted="1" name="Is text typing" sid="379478329599617" type="textDial" />
            </conditions>
            <actions>
                <action id="0" name="Set text" sid="915021340461450" type="NameGial">
                    <param id="0" name="Text">&quot;DimasSAS&quot;</param>
                </action>
                <action behavior="Typing" id="3" name="Type text" sid="897378934904972" type="textDial">
                    <param id="0" name="Text">&quot;Ой ну всё. Тебе хона атвичаю. Пизда тебе и твоим ебланам подчинённым&quot;</param>
                    <param id="1" name="Speed">0.1</param>
                </action>
            </actions>
        </event-block>
        <event-block sid="588751825617193">
            <conditions>
                <condition id="14" name="On tap" sid="594348608055858" type="Touch" />
                <condition id="0" name="Compare text" sid="340750802334965" type="textDial">
                    <param id="0" name="Text to compare">&quot;Ой ну всё. Тебе хона атвичаю. Пизда тебе и твоим ебланам подчинённым&quot;</param>
                    <param id="1" name="Case sensitivity">0</param>
                </condition>
                <condition behavior="Typing" id="3" inverted="1" name="Is text typing" sid="403293131659107" type="textDial" />
            </conditions>
            <actions>
                <action id="-4" name="Set layer visible" sid="306653397449572" type="System">
                    <param id="0" name="Layer">2</param>
                    <param id="1" name="Visibility">0</param>
                </action>
                <action id="-13" name="Set boolean" sid="326358510840826" type="Player">
                    <param id="0" name="Instance variable">GoToRight</param>
                    <param id="1" name="Value">1</param>
                </action>
            </actions>
        </event-block>
        <event-block sid="847870517195002">
            <conditions>
                <condition behavior="Fade" id="1" name="On fade-in finished" sid="190923375517011" type="TiledBackground3" />
            </conditions>
            <actions>
                <action id="-16" name="Wait" sid="457084901343169" type="System">
                    <param id="0" name="Seconds">3.0</param>
                </action>
                <action id="-43" name="Go to next/previous layout" sid="906639094750733" type="System">
                    <param id="0" name="Which">0</param>
                </action>
            </actions>
        </event-block>
        <event-block sid="336501415376243">
            <conditions>
                <condition id="0" name="On collision with another object" sid="994771009235191" type="Player">
                    <param id="0" name="Object">trigg</param>
                </condition>
                <condition id="-7" name="Compare instance variable" sid="810341619441522" type="trigg">
                    <param id="0" name="Instance variable">ForWho</param>
                    <param id="1" name="Comparison">0</param>
                    <param id="2" name="Value">&quot;Player2&quot;</param>
                </condition>
            </conditions>
            <actions>
                <action id="-13" name="Set boolean" sid="241939356001897" type="Player">
                    <param id="0" name="Instance variable">GoToRight</param>
                    <param id="1" name="Value">0</param>
                </action>
                <action id="-9" name="Destroy" sid="698155845594945" type="trigg" />
                <action id="-16" name="Wait" sid="856181479555531" type="System">
                    <param id="0" name="Seconds">2.0</param>
                </action>
                <action id="5" name="Set frame" sid="807407133904201" type="shkaf">
                    <param id="0" name="Frame number">1</param>
                </action>
                <action id="-29" name="Move to object" sid="301772570548912" type="Weapon">
                    <param id="0" name="Where">0</param>
                    <param id="1" name="Object">shkaf</param>
                </action>
                <action id="-16" name="Wait" sid="222396000218330" type="System">
                    <param id="0" name="Seconds">2.0</param>
                </action>
                <action id="-9" name="Destroy" sid="580658768236702" type="Weapon" />
                <action id="-16" name="Wait" sid="880211036321599" type="System">
                    <param id="0" name="Seconds">2.0</param>
                </action>
                <action id="5" name="Set frame" sid="728402340660361" type="shkaf">
                    <param id="0" name="Frame number">0</param>
                </action>
                <action id="-16" name="Wait" sid="487951375367657" type="System">
                    <param id="0" name="Seconds">2.0</param>
                </action>
                <action id="-13" name="Set boolean" sid="714784268577529" type="Player">
                    <param id="0" name="Instance variable">GoToRight</param>
                    <param id="1" name="Value">1</param>
                </action>
            </actions>
        </event-block>
        <event-block sid="170536702085993">
            <conditions>
                <condition id="0" name="On collision with another object" sid="260065823685335" type="Player">
                    <param id="0" name="Object">trigg</param>
                </condition>
                <condition id="-7" name="Compare instance variable" sid="667300569177872" type="trigg">
                    <param id="0" name="Instance variable">ForWho</param>
                    <param id="1" name="Comparison">0</param>
                    <param id="2" name="Value">&quot;Player3&quot;</param>
                </condition>
            </conditions>
            <actions>
                <action id="-13" name="Set boolean" sid="829808157590021" type="Player">
                    <param id="0" name="Instance variable">GoToRight</param>
                    <param id="1" name="Value">0</param>
                </action>
                <action behavior="Fade" id="1" name="Start fade" sid="463885687103737" type="TiledBackground3" />
            </actions>
        </event-block>
    </events>
</c2eventsheet>
