﻿<?xml version="1.0" encoding="utf-8" ?>
<c2eventsheet>
    <!--All the 'name' attributes are ignored by Construct 2 - they are there for readability only.-->
    <name>dials</name>
    <events>
        <event-block sid="884537378690103">
            <conditions>
                <condition id="-2" name="On start of layout" sid="965615236596395" type="System" />
            </conditions>
            <actions>
                <action behavior="Typing" id="2" name="Setup" sid="339732309709427" type="textDial">
                    <param id="0" name="Timeline">TimeLine</param>
                </action>
                <action behavior="Typing" id="4" name="Set typing speed" sid="793729808547584" type="textDial">
                    <param id="0" name="Speed">0.1</param>
                </action>
            </actions>
        </event-block>
    </events>
</c2eventsheet>
