﻿<?xml version="1.0" encoding="utf-8" ?>
<c2eventsheet>
    <!--All the 'name' attributes are ignored by Construct 2 - they are there for readability only.-->
    <name>discleymer</name>
    <events>
        <event-block sid="789763821378008">
            <conditions>
                <condition id="-2" name="On start of layout" sid="534132549548317" type="System" />
            </conditions>
            <actions>
                <action id="10" name="Request fullscreen" sid="390145701169037" type="Browser">
                    <param id="0" name="Mode">0</param>
                </action>
            </actions>
        </event-block>
        <event-block sid="142338025524433">
            <conditions>
                <condition id="0" name="On clicked" sid="421470780313398" type="FlatUiButton" />
            </conditions>
            <actions>
                <action id="-2" name="Go to layout" sid="668909073509404" type="System">
                    <param id="0" name="Layout">menu</param>
                </action>
            </actions>
        </event-block>
        <event-block sid="478399943884480">
            <conditions>
                <condition id="0" name="On clicked" sid="137567516872869" type="FlatUiButton2" />
            </conditions>
            <actions>
                <action id="1" name="Close" sid="526082438143269" type="Browser" />
            </actions>
        </event-block>
    </events>
</c2eventsheet>
