﻿<?xml version="1.0" encoding="utf-8" ?>
<c2eventsheet>
    <!--All the 'name' attributes are ignored by Construct 2 - they are there for readability only.-->
    <name>EnemyController</name>
    <events>
        <event-block sid="127451658209856">
            <conditions>
                <condition id="-2" name="On start of layout" sid="409722622624764" type="System" />
            </conditions>
            <actions />
            <sub-events>
                <event-block sid="335094397124917">
                    <conditions>
                        <condition id="-23" name="While" sid="452306734989790" type="System" />
                        <condition id="-8" name="Compare two values" sid="584357121880813" type="System">
                            <param id="0" name="First value">chr.Count</param>
                            <param id="1" name="Comparison">1</param>
                            <param id="2" name="Second value">Text2.Count</param>
                        </condition>
                    </conditions>
                    <actions>
                        <action id="-3" name="Create object" sid="749675589941258" type="System">
                            <param id="0" name="Object to create">Text2</param>
                            <param id="1" name="Layer">2</param>
                            <param id="2" name="X">-20</param>
                            <param id="3" name="Y">-20</param>
                        </action>
                    </actions>
                </event-block>
            </sub-events>
        </event-block>
        <event-block sid="382657079801123">
            <conditions>
                <condition behavior="LineOfSight" id="0" name="Has LOS to object" sid="446006869963499" type="chr">
                    <param id="0" name="Object">Player</param>
                </condition>
                <condition id="-8" name="Is boolean instance variable set" sid="897335152948188" type="chr">
                    <param id="0" name="Instance variable">shahid</param>
                </condition>
                <condition id="-4" name="Trigger once while true" sid="981777542381178" type="System" />
            </conditions>
            <actions>
                <action id="0" name="Play" sid="702453059237128" type="Audio">
                    <param id="0" name="Audio file">kamikaze</param>
                    <param id="2" name="Loop">1</param>
                    <param id="3" name="Volume">sound_vol</param>
                    <param id="1" name="Tag (optional)">&quot;kam&quot;</param>
                </action>
                <action id="-13" name="Set boolean" sid="769330361933021" type="chr">
                    <param id="0" name="Instance variable">Plockated</param>
                    <param id="1" name="Value">1</param>
                </action>
                <action behavior="Platform" id="1" name="Set max speed" sid="313791574644412" type="chr">
                    <param id="0" name="Max Speed">330</param>
                </action>
            </actions>
        </event-block>
        <event-block sid="422105498479201">
            <conditions>
                <condition id="-8" inverted="1" name="Is boolean instance variable set" sid="561264981692444" type="chr">
                    <param id="0" name="Instance variable">Plockated</param>
                </condition>
            </conditions>
            <actions />
            <sub-events>
                <event-block sid="102838418622354">
                    <conditions>
                        <condition id="-6" name="Every X seconds" sid="647487143926640" type="System">
                            <param id="0" name="Interval (seconds)">1.0</param>
                        </condition>
                    </conditions>
                    <actions>
                        <action id="-10" name="Set value" sid="442871952194742" type="chr">
                            <param id="0" name="Instance variable">goto</param>
                            <param id="1" name="Value">choose(1,2)</param>
                        </action>
                        <action behavior="Platform" id="1" name="Set max speed" sid="327012036241441" type="chr">
                            <param id="0" name="Max Speed">choose(80,90,100,110)</param>
                        </action>
                    </actions>
                </event-block>
            </sub-events>
        </event-block>
        <event-block sid="455332228008211">
            <conditions>
                <condition id="-8" name="Is boolean instance variable set" sid="845758220042278" type="chr">
                    <param id="0" name="Instance variable">Plockated</param>
                </condition>
            </conditions>
            <actions />
            <sub-events>
                <event-block sid="366287189475971">
                    <conditions>
                        <condition id="-1" name="Compare X" sid="771772740484434" type="Player">
                            <param id="0" name="Comparison">3</param>
                            <param id="1" name="X co-ordinate">chr.X</param>
                        </condition>
                    </conditions>
                    <actions>
                        <action id="-10" name="Set value" sid="748234924133835" type="chr">
                            <param id="0" name="Instance variable">goto</param>
                            <param id="1" name="Value">1</param>
                        </action>
                    </actions>
                </event-block>
                <event-block sid="828260148857693">
                    <conditions>
                        <condition id="-1" name="Compare X" sid="555413683710332" type="Player">
                            <param id="0" name="Comparison">5</param>
                            <param id="1" name="X co-ordinate">chr.X</param>
                        </condition>
                    </conditions>
                    <actions>
                        <action id="-10" name="Set value" sid="701891880827126" type="chr">
                            <param id="0" name="Instance variable">goto</param>
                            <param id="1" name="Value">2</param>
                        </action>
                    </actions>
                </event-block>
            </sub-events>
        </event-block>
        <event-block sid="850509170287199">
            <conditions>
                <condition id="-7" name="Compare instance variable" sid="448317947042523" type="chr">
                    <param id="0" name="Instance variable">goto</param>
                    <param id="1" name="Comparison">0</param>
                    <param id="2" name="Value">1</param>
                </condition>
            </conditions>
            <actions>
                <action behavior="Platform" id="7" name="Simulate control" sid="400736467520413" type="chr">
                    <param id="0" name="Control">0</param>
                </action>
            </actions>
        </event-block>
        <event-block sid="955107503917247">
            <conditions>
                <condition id="-7" name="Compare instance variable" sid="139448695574686" type="chr">
                    <param id="0" name="Instance variable">goto</param>
                    <param id="1" name="Comparison">0</param>
                    <param id="2" name="Value">2</param>
                </condition>
            </conditions>
            <actions>
                <action behavior="Platform" id="7" name="Simulate control" sid="363437393897322" type="chr">
                    <param id="0" name="Control">1</param>
                </action>
            </actions>
        </event-block>
        <event-block sid="795822114864565">
            <conditions>
                <condition behavior="Platform" id="8" name="On moved" sid="783013577042237" type="chr" />
            </conditions>
            <actions>
                <action id="4" name="Set animation" sid="862096776900950" type="chr">
                    <param id="0" name="Animation">&quot;walk&quot;</param>
                    <param id="1" name="From">1</param>
                </action>
            </actions>
        </event-block>
        <event-block sid="363004941965187">
            <conditions>
                <condition behavior="Platform" id="7" name="On stopped" sid="296872395433138" type="chr" />
            </conditions>
            <actions>
                <action id="4" name="Set animation" sid="727873183622730" type="chr">
                    <param id="0" name="Animation">&quot;idle&quot;</param>
                    <param id="1" name="From">1</param>
                </action>
            </actions>
        </event-block>
        <event-block sid="740029989115344">
            <conditions>
                <condition behavior="Platform" id="9" name="On landed" sid="422286427115364" type="chr" />
            </conditions>
            <actions />
            <sub-events>
                <event-block sid="133639686879711">
                    <conditions>
                        <condition behavior="Platform" id="0" name="Is moving" sid="800909085888930" type="chr" />
                    </conditions>
                    <actions>
                        <action id="4" name="Set animation" sid="682734674117566" type="chr">
                            <param id="0" name="Animation">&quot;walk&quot;</param>
                            <param id="1" name="From">1</param>
                        </action>
                    </actions>
                </event-block>
                <event-block sid="603003673408724">
                    <conditions>
                        <condition behavior="Platform" id="0" inverted="1" name="Is moving" sid="644003964962167" type="chr" />
                    </conditions>
                    <actions>
                        <action id="4" name="Set animation" sid="256675170162013" type="chr">
                            <param id="0" name="Animation">&quot;idle&quot;</param>
                            <param id="1" name="From">1</param>
                        </action>
                    </actions>
                </event-block>
            </sub-events>
        </event-block>
        <event-block sid="116563554878807">
            <conditions>
                <condition id="-8" name="Is boolean instance variable set" sid="880092603170621" type="Player">
                    <param id="0" name="Instance variable">visExe</param>
                </condition>
            </conditions>
            <actions>
                <action id="-15" name="Set visible" sid="476278987850047" type="visExe">
                    <param id="0" name="Visibility">1</param>
                </action>
                <action id="-15" name="Set visible" sid="887670888798470" type="ochki">
                    <param id="0" name="Visibility">1</param>
                </action>
            </actions>
            <sub-events>
                <event-block sid="207646051030028">
                    <conditions>
                        <condition id="-6" name="Every X seconds" sid="848334190381668" type="System">
                            <param id="0" name="Interval (seconds)">0.3</param>
                        </condition>
                    </conditions>
                    <actions>
                        <action id="3" name="Set progress" sid="224381640980023" type="Prograss">
                            <param id="0" name="Value">Prograss.Progress-1</param>
                        </action>
                    </actions>
                </event-block>
                <event-block sid="471144179230949">
                    <conditions>
                        <condition id="-1" name="Every tick" sid="166249365209093" type="System" />
                    </conditions>
                    <actions>
                        <action id="-4" name="Set position to another object" sid="357519362150120" type="ochki">
                            <param id="0" name="Object">Player</param>
                            <param id="1" name="Image point (optional)">1</param>
                        </action>
                    </actions>
                    <sub-events>
                        <event-block sid="189101587429950">
                            <conditions>
                                <condition id="-8" name="Is boolean instance variable set" sid="105649206352069" type="chr">
                                    <param id="0" name="Instance variable">exe</param>
                                </condition>
                            </conditions>
                            <actions>
                                <action id="-4" name="Set position to another object" sid="926267252615094" type="Text2">
                                    <param id="0" name="Object">chr</param>
                                    <param id="1" name="Image point (optional)">1</param>
                                </action>
                            </actions>
                        </event-block>
                    </sub-events>
                </event-block>
                <event-block sid="147605895856790">
                    <conditions>
                        <condition id="1" name="Compare progress" sid="676319097569383" type="Prograss">
                            <param id="0" name="Comparison">0</param>
                            <param id="1" name="Value">0</param>
                        </condition>
                    </conditions>
                    <actions>
                        <action id="-13" name="Set boolean" sid="857987079990232" type="Player">
                            <param id="0" name="Instance variable">visExe</param>
                            <param id="1" name="Value">0</param>
                        </action>
                    </actions>
                </event-block>
            </sub-events>
        </event-block>
        <event-block sid="483293133041818">
            <conditions>
                <condition id="-8" inverted="1" name="Is boolean instance variable set" sid="339245802784607" type="Player">
                    <param id="0" name="Instance variable">visExe</param>
                </condition>
            </conditions>
            <actions>
                <action id="-15" name="Set visible" sid="918246639874644" type="visExe">
                    <param id="0" name="Visibility">0</param>
                </action>
                <action id="-15" name="Set visible" sid="704141513594297" type="ochki">
                    <param id="0" name="Visibility">0</param>
                </action>
            </actions>
            <sub-events>
                <event-block sid="418953430525713">
                    <conditions>
                        <condition id="-6" name="Every X seconds" sid="790443175630549" type="System">
                            <param id="0" name="Interval (seconds)">3.0</param>
                        </condition>
                    </conditions>
                    <actions>
                        <action id="3" name="Set progress" sid="960457243468617" type="Prograss">
                            <param id="0" name="Value">Prograss.Progress+1</param>
                        </action>
                    </actions>
                </event-block>
                <event-block sid="825813234411652">
                    <conditions>
                        <condition id="-1" name="Every tick" sid="726273062126195" type="System" />
                    </conditions>
                    <actions>
                        <action id="-4" name="Set position to another object" sid="388245676978583" type="ochki">
                            <param id="0" name="Object">Player</param>
                            <param id="1" name="Image point (optional)">1</param>
                        </action>
                    </actions>
                    <sub-events>
                        <event-block sid="926410934184358">
                            <conditions>
                                <condition id="-8" name="Is boolean instance variable set" sid="563727907708425" type="chr">
                                    <param id="0" name="Instance variable">exe</param>
                                </condition>
                            </conditions>
                            <actions>
                                <action id="-3" name="Set position" sid="996995348669699" type="Text2">
                                    <param id="0" name="X">-20</param>
                                    <param id="1" name="Y">-20</param>
                                </action>
                            </actions>
                        </event-block>
                    </sub-events>
                </event-block>
            </sub-events>
        </event-block>
        <event-block sid="788500188343634">
            <conditions>
                <condition id="0" name="On collision with another object" sid="175676127103309" type="chr">
                    <param id="0" name="Object">Player</param>
                </condition>
                <condition id="-8" name="Is boolean instance variable set" sid="237900433642227" type="chr">
                    <param id="0" name="Instance variable">shahid</param>
                </condition>
            </conditions>
            <actions>
                <action id="6" name="Stop" sid="475058206720736" type="Audio">
                    <param id="0" name="Tag">&quot;kam&quot;</param>
                </action>
                <action id="0" name="Spawn another object" sid="679027398652589" type="chr">
                    <param id="0" name="Object">Expl</param>
                    <param id="1" name="Layer">4</param>
                    <param id="2" name="Image point">0</param>
                </action>
                <action id="-9" name="Destroy" sid="533346592831521" type="chr" />
            </actions>
        </event-block>
    </events>
</c2eventsheet>
