﻿<?xml version="1.0" encoding="utf-8" ?>
<c2eventsheet>
    <!--All the 'name' attributes are ignored by Construct 2 - they are there for readability only.-->
    <name>Menu</name>
    <events>
        <event-block sid="656940048770481">
            <conditions>
                <condition id="-2" name="On start of layout" sid="474464012327788" type="System" />
            </conditions>
            <actions>
                <action id="0" name="Play" sid="552459248640958" type="Audio">
                    <param id="0" name="Audio file">Trudge</param>
                    <param id="2" name="Loop">1</param>
                    <param id="3" name="Volume">music_vol</param>
                    <param id="1" name="Tag (optional)">&quot;menu-music&quot;</param>
                </action>
                <action id="3" name="Set value" sid="924406901466866" type="SliderBar">
                    <param id="0" name="Value">music_vol</param>
                </action>
                <action id="3" name="Set value" sid="936776412192644" type="SoundSl">
                    <param id="0" name="Value">sound_vol</param>
                </action>
            </actions>
        </event-block>
        <event-block sid="199447111429789">
            <conditions>
                <condition id="17" name="On tap object" sid="231361252108591" type="Touch">
                    <param id="0" name="Object">OnMenu</param>
                </condition>
            </conditions>
            <actions>
                <action id="2" name="Set scale" sid="850997948038771" type="OnMenu">
                    <param id="0" name="Scale">1.1</param>
                </action>
                <action id="-16" name="Wait" sid="850654897974000" type="System">
                    <param id="0" name="Seconds">0.1</param>
                </action>
                <action id="2" name="Set scale" sid="212232813379771" type="OnMenu">
                    <param id="0" name="Scale">1.0</param>
                </action>
            </actions>
            <sub-events>
                <event-block sid="361187544710713">
                    <conditions>
                        <condition id="-9" name="Layer is visible" sid="543366589546214" type="System">
                            <param id="0" name="Layer">1</param>
                        </condition>
                        <condition id="-9" inverted="1" name="Layer is visible" sid="919342967864816" type="System">
                            <param id="0" name="Layer">2</param>
                        </condition>
                    </conditions>
                    <actions />
                    <sub-events>
                        <event-block sid="274054766897016">
                            <conditions>
                                <condition id="-7" name="Compare instance variable" sid="837156825352624" type="OnMenu">
                                    <param id="0" name="Instance variable">where</param>
                                    <param id="1" name="Comparison">0</param>
                                    <param id="2" name="Value">&quot;main&quot;</param>
                                </condition>
                            </conditions>
                            <actions />
                            <sub-events>
                                <event-block sid="277098021350846">
                                    <conditions>
                                        <condition id="-7" name="Compare instance variable" sid="821764728929168" type="OnMenu">
                                            <param id="0" name="Instance variable">id</param>
                                            <param id="1" name="Comparison">0</param>
                                            <param id="2" name="Value">0</param>
                                        </condition>
                                    </conditions>
                                    <actions>
                                        <action id="-43" name="Go to next/previous layout" sid="753726441613577" type="System">
                                            <param id="0" name="Which">0</param>
                                        </action>
                                    </actions>
                                </event-block>
                                <event-block sid="798041738809127">
                                    <conditions>
                                        <condition id="-7" name="Compare instance variable" sid="588168258026432" type="OnMenu">
                                            <param id="0" name="Instance variable">id</param>
                                            <param id="1" name="Comparison">0</param>
                                            <param id="2" name="Value">1</param>
                                        </condition>
                                    </conditions>
                                    <actions>
                                        <action id="2" name="Add simple notification" sid="904792859256069" type="Notifications">
                                            <param id="0" name="Title">&quot;Пока не работает :(&quot;</param>
                                            <param id="1" name="Text">&quot;&quot;</param>
                                            <param id="2" name="Image">&quot;&quot;</param>
                                        </action>
                                    </actions>
                                </event-block>
                                <event-block sid="542747322235446">
                                    <conditions>
                                        <condition id="-7" name="Compare instance variable" sid="271190915593430" type="OnMenu">
                                            <param id="0" name="Instance variable">id</param>
                                            <param id="1" name="Comparison">0</param>
                                            <param id="2" name="Value">2</param>
                                        </condition>
                                    </conditions>
                                    <actions>
                                        <action id="-4" name="Set layer visible" sid="696298817417008" type="System">
                                            <param id="0" name="Layer">1</param>
                                            <param id="1" name="Visibility">0</param>
                                        </action>
                                        <action id="-4" name="Set layer visible" sid="360381531796000" type="System">
                                            <param id="0" name="Layer">2</param>
                                            <param id="1" name="Visibility">1</param>
                                        </action>
                                    </actions>
                                </event-block>
                                <event-block sid="203946094698702">
                                    <conditions>
                                        <condition id="-7" name="Compare instance variable" sid="608543964408189" type="OnMenu">
                                            <param id="0" name="Instance variable">id</param>
                                            <param id="1" name="Comparison">0</param>
                                            <param id="2" name="Value">3</param>
                                        </condition>
                                    </conditions>
                                    <actions>
                                        <action id="2" name="Add simple notification" sid="504816109128654" type="Notifications">
                                            <param id="0" name="Title">&quot;Пока не работает :(&quot;</param>
                                            <param id="1" name="Text">&quot;&quot;</param>
                                            <param id="2" name="Image">&quot;&quot;</param>
                                        </action>
                                    </actions>
                                </event-block>
                                <event-block sid="327129241652022">
                                    <conditions>
                                        <condition id="-7" name="Compare instance variable" sid="208785373831902" type="OnMenu">
                                            <param id="0" name="Instance variable">id</param>
                                            <param id="1" name="Comparison">0</param>
                                            <param id="2" name="Value">4</param>
                                        </condition>
                                    </conditions>
                                    <actions>
                                        <action id="1" name="Close" sid="281524516856809" type="Browser" />
                                    </actions>
                                </event-block>
                            </sub-events>
                        </event-block>
                    </sub-events>
                </event-block>
                <event-block sid="154114890525398">
                    <conditions>
                        <condition id="-9" name="Layer is visible" sid="691527271194876" type="System">
                            <param id="0" name="Layer">2</param>
                        </condition>
                        <condition id="-9" inverted="1" name="Layer is visible" sid="750441446809345" type="System">
                            <param id="0" name="Layer">1</param>
                        </condition>
                    </conditions>
                    <actions />
                    <sub-events>
                        <event-block sid="766728349820364">
                            <conditions>
                                <condition id="-7" name="Compare instance variable" sid="148099769133136" type="OnMenu">
                                    <param id="0" name="Instance variable">where</param>
                                    <param id="1" name="Comparison">0</param>
                                    <param id="2" name="Value">&quot;setup&quot;</param>
                                </condition>
                            </conditions>
                            <actions />
                            <sub-events>
                                <event-block sid="877675460181294">
                                    <conditions>
                                        <condition id="-7" name="Compare instance variable" sid="804651075750641" type="OnMenu">
                                            <param id="0" name="Instance variable">id</param>
                                            <param id="1" name="Comparison">0</param>
                                            <param id="2" name="Value">0</param>
                                        </condition>
                                    </conditions>
                                    <actions>
                                        <action id="2" name="Add simple notification" sid="429370735382206" type="Notifications">
                                            <param id="0" name="Title">&quot;Пока не работает :(&quot;</param>
                                            <param id="1" name="Text">&quot;&quot;</param>
                                            <param id="2" name="Image">&quot;&quot;</param>
                                        </action>
                                        <action id="-11" name="Subtract from" sid="593398830182947" type="System">
                                            <param id="0" name="Variable">music_vol</param>
                                            <param id="1" name="Value">5</param>
                                        </action>
                                    </actions>
                                </event-block>
                                <event-block sid="332311981295748">
                                    <conditions>
                                        <condition id="-7" name="Compare instance variable" sid="280566957640674" type="OnMenu">
                                            <param id="0" name="Instance variable">id</param>
                                            <param id="1" name="Comparison">0</param>
                                            <param id="2" name="Value">1</param>
                                        </condition>
                                    </conditions>
                                    <actions>
                                        <action id="2" name="Add simple notification" sid="484974352584105" type="Notifications">
                                            <param id="0" name="Title">&quot;Пока не работает :(&quot;</param>
                                            <param id="1" name="Text">&quot;&quot;</param>
                                            <param id="2" name="Image">&quot;&quot;</param>
                                        </action>
                                        <action id="-11" name="Subtract from" sid="622255319815071" type="System">
                                            <param id="0" name="Variable">sound_vol</param>
                                            <param id="1" name="Value">5</param>
                                        </action>
                                    </actions>
                                </event-block>
                                <event-block sid="313890452757187">
                                    <conditions>
                                        <condition id="-7" name="Compare instance variable" sid="291653429845571" type="OnMenu">
                                            <param id="0" name="Instance variable">id</param>
                                            <param id="1" name="Comparison">0</param>
                                            <param id="2" name="Value">2</param>
                                        </condition>
                                    </conditions>
                                    <actions>
                                        <action id="10" name="Request fullscreen" sid="159138443949260" type="Browser">
                                            <param id="0" name="Mode">0</param>
                                        </action>
                                    </actions>
                                </event-block>
                                <event-block sid="574557741869701">
                                    <conditions>
                                        <condition id="-7" name="Compare instance variable" sid="438390128046828" type="OnMenu">
                                            <param id="0" name="Instance variable">id</param>
                                            <param id="1" name="Comparison">0</param>
                                            <param id="2" name="Value">3</param>
                                        </condition>
                                    </conditions>
                                    <actions>
                                        <action id="11" name="Cancel fullscreen" sid="716345801634235" type="Browser" />
                                    </actions>
                                </event-block>
                                <event-block sid="946704557238968">
                                    <conditions>
                                        <condition id="-7" name="Compare instance variable" sid="587288516320725" type="OnMenu">
                                            <param id="0" name="Instance variable">id</param>
                                            <param id="1" name="Comparison">0</param>
                                            <param id="2" name="Value">4</param>
                                        </condition>
                                    </conditions>
                                    <actions>
                                        <action id="-4" name="Set layer visible" sid="216129441911169" type="System">
                                            <param id="0" name="Layer">2</param>
                                            <param id="1" name="Visibility">0</param>
                                        </action>
                                        <action id="-4" name="Set layer visible" sid="470766994454731" type="System">
                                            <param id="0" name="Layer">1</param>
                                            <param id="1" name="Visibility">1</param>
                                        </action>
                                    </actions>
                                </event-block>
                            </sub-events>
                        </event-block>
                    </sub-events>
                </event-block>
            </sub-events>
        </event-block>
        <event-block sid="958781955437343">
            <conditions>
                <condition id="-1" name="Every tick" sid="169528770248412" type="System" />
            </conditions>
            <actions>
                <action id="3" name="Set volume" sid="539644574582091" type="Audio">
                    <param id="0" name="Tag">&quot;menu-music&quot;</param>
                    <param id="1" name="dB">music_vol</param>
                </action>
            </actions>
        </event-block>
        <event-block sid="876656870726673">
            <conditions>
                <condition id="2" name="On changed" sid="742808568164668" type="SoundSl" />
            </conditions>
            <actions>
                <action id="-9" name="Set value" sid="434381632269148" type="System">
                    <param id="0" name="Variable">sound_vol</param>
                    <param id="1" name="Value">SoundSl.Value</param>
                </action>
            </actions>
        </event-block>
        <event-block sid="251303837374861">
            <conditions>
                <condition id="2" name="On changed" sid="282756025907924" type="SliderBar" />
            </conditions>
            <actions>
                <action id="-9" name="Set value" sid="181708885264358" type="System">
                    <param id="0" name="Variable">music_vol</param>
                    <param id="1" name="Value">SliderBar.Value</param>
                </action>
            </actions>
        </event-block>
    </events>
</c2eventsheet>
