﻿<?xml version="1.0" encoding="utf-8" ?>
<c2eventsheet>
    <!--All the 'name' attributes are ignored by Construct 2 - they are there for readability only.-->
    <name>PlayerController</name>
    <events>
        <variable constant="0" name="pause" sid="261450735611870" static="0" type="number">0</variable>
        <event-block sid="577995295500507">
            <conditions>
                <condition id="-2" name="On start of layout" sid="964947988478926" type="System" />
            </conditions>
            <actions>
                <action behavior="jj_Weapon" id="12" name="Set bullet instance" sid="249421811807764" type="Weapon">
                    <param id="0" name="Bullet">bullet</param>
                </action>
                <action behavior="Physics" id="12" name="Set world gravity" sid="707038971414674" type="Player">
                    <param id="0" name="Gravity">30</param>
                </action>
                <action behavior="Physics" id="27" name="Set enabled" sid="694329843579393" type="Player">
                    <param id="0" name="Mode">0</param>
                </action>
            </actions>
            <sub-events>
                <event-block sid="832037819229951">
                    <conditions>
                        <condition id="-8" name="Compare two values" sid="147313336801586" type="System">
                            <param id="0" name="First value">LayoutName</param>
                            <param id="1" name="Comparison">1</param>
                            <param id="2" name="Second value">&quot;cutscene1&quot;</param>
                        </condition>
                    </conditions>
                    <actions>
                        <action behavior="Pin" id="0" name="Pin to object" sid="845762247809457" type="Weapon">
                            <param id="0" name="Pin to">Player</param>
                            <param id="1" name="Mode">0</param>
                        </action>
                    </actions>
                </event-block>
            </sub-events>
        </event-block>
        <event-block sid="910484353001153">
            <conditions>
                <condition id="-18" name="On created" sid="396251023101358" type="bullet" />
            </conditions>
            <actions />
            <sub-events>
                <event-block sid="803022548273646">
                    <conditions>
                        <condition id="7" name="Is mirrored" sid="374149315075670" type="Weapon" />
                    </conditions>
                    <actions>
                        <action behavior="Bullet" id="3" name="Set angle of motion" sid="866655069050787" type="bullet">
                            <param id="0" name="Angle">180</param>
                        </action>
                    </actions>
                </event-block>
                <event-block sid="238649008670829">
                    <conditions>
                        <condition id="7" inverted="1" name="Is mirrored" sid="338501519072352" type="Weapon" />
                    </conditions>
                    <actions>
                        <action behavior="Bullet" id="3" name="Set angle of motion" sid="699671047480911" type="bullet">
                            <param id="0" name="Angle">0</param>
                        </action>
                    </actions>
                </event-block>
            </sub-events>
        </event-block>
        <event-block sid="309067303974602">
            <conditions>
                <condition id="-18" name="On created" sid="579923103050871" type="bullet" />
            </conditions>
            <actions>
                <action id="-29" name="Move to object" sid="568670424709278" type="bullet">
                    <param id="0" name="Where">0</param>
                    <param id="1" name="Object">Player</param>
                </action>
                <action id="-16" name="Wait" sid="834473409216111" type="System">
                    <param id="0" name="Seconds">1.0</param>
                </action>
                <action id="-9" name="Destroy" sid="946582284219394" type="bullet" />
            </actions>
        </event-block>
        <event-block sid="323958952840772">
            <conditions>
                <condition id="-1" name="Every tick" sid="762950233178485" type="System" />
            </conditions>
            <actions>
                <action id="0" name="Set text" sid="476577497703907" type="SpriteFont">
                    <param id="0" name="Text">xp</param>
                </action>
            </actions>
            <sub-events>
                <event-block sid="493588291764703">
                    <conditions>
                        <condition id="-8" inverted="1" name="Is boolean instance variable set" sid="389617286239121" type="Cam">
                            <param id="0" name="Instance variable">cutscene</param>
                        </condition>
                    </conditions>
                    <actions>
                        <action id="-1" name="Set X" sid="264545326767509" type="Cam">
                            <param id="0" name="X">lerp(Self.X, Player.X, 0.03)</param>
                        </action>
                    </actions>
                </event-block>
            </sub-events>
        </event-block>
        <event-block any="1" sid="325332159069879">
            <conditions>
                <condition id="-14" name="Compare variable" sid="178083701024532" type="System">
                    <param id="0" name="Variable">cutscene</param>
                    <param id="1" name="Comparison">0</param>
                    <param id="2" name="Value">&quot;false&quot;</param>
                </condition>
            </conditions>
            <actions />
            <sub-events>
                <event-block sid="781502055390420">
                    <conditions>
                        <condition id="-14" name="Compare variable" sid="805251726495166" type="System">
                            <param id="0" name="Variable">pause</param>
                            <param id="1" name="Comparison">1</param>
                            <param id="2" name="Value">1</param>
                        </condition>
                    </conditions>
                    <actions />
                    <sub-events>
                        <event-block sid="734106339546187">
                            <conditions>
                                <condition id="2" name="Key is down" sid="913260760341833" type="Keyboard">
                                    <param id="0" name="Key">68</param>
                                </condition>
                            </conditions>
                            <actions>
                                <action behavior="PlatformPlus" id="7" name="Simulate control" sid="761254635009729" type="Player">
                                    <param id="0" name="Control">1</param>
                                </action>
                                <action id="7" name="Set mirrored" sid="966628034856871" type="Weapon">
                                    <param id="0" name="State">1</param>
                                </action>
                            </actions>
                        </event-block>
                        <event-block sid="575916051200058">
                            <conditions>
                                <condition id="2" name="Key is down" sid="874546493458661" type="Keyboard">
                                    <param id="0" name="Key">65</param>
                                </condition>
                            </conditions>
                            <actions>
                                <action behavior="PlatformPlus" id="7" name="Simulate control" sid="766707751767758" type="Player">
                                    <param id="0" name="Control">0</param>
                                </action>
                                <action id="7" name="Set mirrored" sid="196562868297714" type="Weapon">
                                    <param id="0" name="State">0</param>
                                </action>
                            </actions>
                        </event-block>
                        <event-block sid="224005872412346">
                            <conditions>
                                <condition id="2" name="Key is down" sid="913911808134087" type="Keyboard">
                                    <param id="0" name="Key">83</param>
                                </condition>
                            </conditions>
                            <actions>
                                <action behavior="PlatformPlus" id="12" name="Fall through" sid="411914492762444" type="Player" />
                            </actions>
                        </event-block>
                        <event-block sid="843050796465206">
                            <conditions>
                                <condition id="2" name="Key is down" sid="600015956640201" type="Keyboard">
                                    <param id="0" name="Key">76</param>
                                </condition>
                            </conditions>
                            <actions>
                                <action id="-13" name="Set boolean" sid="109470080600072" type="Player">
                                    <param id="0" name="Instance variable">visExe</param>
                                    <param id="1" name="Value">1</param>
                                </action>
                            </actions>
                        </event-block>
                        <event-block sid="898752163128671">
                            <conditions>
                                <condition id="2" name="Key is down" sid="901324108895853" type="Keyboard">
                                    <param id="0" name="Key">75</param>
                                </condition>
                            </conditions>
                            <actions>
                                <action behavior="jj_Weapon" id="0" name="Make a shoot" sid="987264389202097" type="Weapon" />
                            </actions>
                        </event-block>
                        <event-block sid="640944249978104">
                            <conditions>
                                <condition id="2" inverted="1" name="Key is down" sid="575604482945256" type="Keyboard">
                                    <param id="0" name="Key">76</param>
                                </condition>
                            </conditions>
                            <actions>
                                <action id="-13" name="Set boolean" sid="696374350823543" type="Player">
                                    <param id="0" name="Instance variable">visExe</param>
                                    <param id="1" name="Value">0</param>
                                </action>
                            </actions>
                        </event-block>
                        <event-block sid="603796248634925">
                            <conditions>
                                <condition id="2" name="Key is down" sid="826997805981271" type="Keyboard">
                                    <param id="0" name="Key">32</param>
                                </condition>
                            </conditions>
                            <actions>
                                <action behavior="PlatformPlus" id="7" name="Simulate control" sid="888677904750227" type="Player">
                                    <param id="0" name="Control">2</param>
                                </action>
                            </actions>
                        </event-block>
                        <event-block sid="355497720747413">
                            <conditions>
                                <condition id="1" name="Compare progress" sid="849443048593322" type="Shift">
                                    <param id="0" name="Comparison">4</param>
                                    <param id="1" name="Value">0</param>
                                </condition>
                            </conditions>
                            <actions />
                            <sub-events>
                                <event-block sid="307279930947725">
                                    <conditions>
                                        <condition id="2" name="Key is down" sid="282052045556788" type="Keyboard">
                                            <param id="0" name="Key">16</param>
                                        </condition>
                                    </conditions>
                                    <actions>
                                        <action behavior="PlatformPlus" id="1" name="Set max speed" sid="633842505374486" type="Player">
                                            <param id="0" name="Max Speed">440</param>
                                        </action>
                                    </actions>
                                    <sub-events>
                                        <event-block sid="632458565161730">
                                            <conditions>
                                                <condition id="-6" name="Every X seconds" sid="881096180932541" type="System">
                                                    <param id="0" name="Interval (seconds)">0.01</param>
                                                </condition>
                                            </conditions>
                                            <actions>
                                                <action id="3" name="Set progress" sid="694063880002554" type="Shift">
                                                    <param id="0" name="Value">Shift.Progress-1</param>
                                                </action>
                                            </actions>
                                        </event-block>
                                    </sub-events>
                                </event-block>
                            </sub-events>
                        </event-block>
                        <event-block sid="225879465119706">
                            <conditions>
                                <condition id="1" name="Compare progress" sid="900127249213125" type="Shift">
                                    <param id="0" name="Comparison">0</param>
                                    <param id="1" name="Value">0</param>
                                </condition>
                            </conditions>
                            <actions />
                            <sub-events>
                                <event-block sid="195878866605007">
                                    <conditions>
                                        <condition id="2" name="Key is down" sid="779405532191204" type="Keyboard">
                                            <param id="0" name="Key">16</param>
                                        </condition>
                                    </conditions>
                                    <actions>
                                        <action behavior="PlatformPlus" id="1" name="Set max speed" sid="952617032071823" type="Player">
                                            <param id="0" name="Max Speed">220</param>
                                        </action>
                                    </actions>
                                    <sub-events>
                                        <event-block sid="397433214583355">
                                            <conditions>
                                                <condition id="-6" name="Every X seconds" sid="871527249866670" type="System">
                                                    <param id="0" name="Interval (seconds)">0.01</param>
                                                </condition>
                                            </conditions>
                                            <actions>
                                                <action id="3" name="Set progress" sid="768111202782510" type="Shift">
                                                    <param id="0" name="Value">Shift.Progress-1</param>
                                                </action>
                                            </actions>
                                        </event-block>
                                    </sub-events>
                                </event-block>
                            </sub-events>
                        </event-block>
                        <event-block sid="745127957514878">
                            <conditions>
                                <condition id="2" inverted="1" name="Key is down" sid="959974564029604" type="Keyboard">
                                    <param id="0" name="Key">16</param>
                                </condition>
                            </conditions>
                            <actions>
                                <action behavior="PlatformPlus" id="1" name="Set max speed" sid="373639762579118" type="Player">
                                    <param id="0" name="Max Speed">220</param>
                                </action>
                            </actions>
                            <sub-events>
                                <event-block sid="453864926311845">
                                    <conditions>
                                        <condition id="-6" name="Every X seconds" sid="263927280314332" type="System">
                                            <param id="0" name="Interval (seconds)">1.0</param>
                                        </condition>
                                    </conditions>
                                    <actions>
                                        <action id="3" name="Set progress" sid="296172959476709" type="Shift">
                                            <param id="0" name="Value">Shift.Progress+10</param>
                                        </action>
                                    </actions>
                                </event-block>
                            </sub-events>
                        </event-block>
                    </sub-events>
                </event-block>
            </sub-events>
        </event-block>
        <event-block sid="918969113867876">
            <conditions>
                <condition behavior="jj_Weapon" id="9" name="Is reloading" sid="865822009002677" type="Weapon" />
            </conditions>
            <actions>
                <action id="-15" name="Set visible" sid="765387149000753" type="Text">
                    <param id="0" name="Visibility">1</param>
                </action>
            </actions>
        </event-block>
        <event-block sid="254601371276474">
            <conditions>
                <condition behavior="jj_Weapon" id="9" inverted="1" name="Is reloading" sid="175901839288451" type="Weapon" />
            </conditions>
            <actions>
                <action id="-15" name="Set visible" sid="400366281712805" type="Text">
                    <param id="0" name="Visibility">0</param>
                </action>
            </actions>
        </event-block>
        <event-block sid="318486807933523">
            <conditions>
                <condition behavior="PlatformPlus" id="8" name="On moved" sid="296017887841199" type="Player" />
            </conditions>
            <actions>
                <action id="4" name="Set animation" sid="542999230481339" type="Player">
                    <param id="0" name="Animation">&quot;walk&quot;</param>
                    <param id="1" name="From">1</param>
                </action>
            </actions>
        </event-block>
        <event-block sid="624980338396871">
            <conditions>
                <condition behavior="PlatformPlus" id="7" name="On stopped" sid="745508727813552" type="Player" />
            </conditions>
            <actions>
                <action id="4" name="Set animation" sid="168208243208268" type="Player">
                    <param id="0" name="Animation">&quot;idle&quot;</param>
                    <param id="1" name="From">1</param>
                </action>
            </actions>
        </event-block>
        <event-block sid="696210409294590">
            <conditions>
                <condition behavior="PlatformPlus" id="5" name="On jump" sid="989825039235821" type="Player" />
            </conditions>
            <actions>
                <action id="4" name="Set animation" sid="615042307066069" type="Player">
                    <param id="0" name="Animation">&quot;idle&quot;</param>
                    <param id="1" name="From">1</param>
                </action>
            </actions>
        </event-block>
        <event-block sid="947659522716952">
            <conditions>
                <condition behavior="PlatformPlus" id="9" name="On landed" sid="209831372849936" type="Player" />
            </conditions>
            <actions />
            <sub-events>
                <event-block sid="449172531960493">
                    <conditions>
                        <condition behavior="PlatformPlus" id="0" name="Is moving" sid="832031171485713" type="Player" />
                    </conditions>
                    <actions>
                        <action id="4" name="Set animation" sid="578313768168351" type="Player">
                            <param id="0" name="Animation">&quot;walk&quot;</param>
                            <param id="1" name="From">1</param>
                        </action>
                    </actions>
                </event-block>
                <event-block sid="814511582748988">
                    <conditions>
                        <condition behavior="PlatformPlus" id="0" inverted="1" name="Is moving" sid="810426003360417" type="Player" />
                    </conditions>
                    <actions>
                        <action id="4" name="Set animation" sid="748479020540056" type="Player">
                            <param id="0" name="Animation">&quot;idle&quot;</param>
                            <param id="1" name="From">1</param>
                        </action>
                    </actions>
                </event-block>
            </sub-events>
        </event-block>
        <event-block sid="827773496483746">
            <conditions>
                <condition id="0" name="On collision with another object" sid="307282023050339" type="bullet">
                    <param id="0" name="Object">explosion</param>
                </condition>
            </conditions>
            <actions>
                <action id="-9" name="Destroy" sid="511871166269315" type="bullet" />
                <action behavior="Flash" id="0" name="Flash" sid="167280500299600" type="explosion">
                    <param id="0" name="&apos;On&apos; time">0.001</param>
                    <param id="1" name="&apos;Off&apos; time">0.001</param>
                    <param id="2" name="Duration">0.01</param>
                </action>
                <action id="-12" name="Subtract from" sid="649294444742618" type="explosion">
                    <param id="0" name="Instance variable">hit</param>
                    <param id="1" name="Value">1</param>
                </action>
            </actions>
        </event-block>
        <event-block sid="533517642055083">
            <conditions>
                <condition id="0" name="On collision with another object" sid="624932576658242" type="bullet">
                    <param id="0" name="Object">chr</param>
                </condition>
            </conditions>
            <actions />
            <sub-events>
                <event-block sid="357442633173821">
                    <conditions>
                        <condition id="-8" inverted="1" name="Is boolean instance variable set" sid="333364814407140" type="chr">
                            <param id="0" name="Instance variable">died</param>
                        </condition>
                    </conditions>
                    <actions />
                    <sub-events>
                        <event-block sid="456182529958764">
                            <conditions>
                                <condition id="-8" name="Is boolean instance variable set" sid="939035330508222" type="chr">
                                    <param id="0" name="Instance variable">exe</param>
                                </condition>
                            </conditions>
                            <actions>
                                <action id="-9" name="Destroy" sid="489052226011387" type="bullet" />
                                <action id="-10" name="Add to" sid="328939289379027" type="System">
                                    <param id="0" name="Variable">xp</param>
                                    <param id="1" name="Value">choose(10, 20, 30)</param>
                                </action>
                                <action id="-13" name="Set boolean" sid="356215045015645" type="chr">
                                    <param id="0" name="Instance variable">died</param>
                                    <param id="1" name="Value">1</param>
                                </action>
                                <action behavior="Platform" id="11" name="Set enabled" sid="923369790965927" type="chr">
                                    <param id="0" name="State">0</param>
                                </action>
                                <action id="4" name="Set animation" sid="506085713503779" type="chr">
                                    <param id="0" name="Animation">&quot;idle&quot;</param>
                                    <param id="1" name="From">1</param>
                                </action>
                                <action behavior="Rotate" id="0" name="Set speed" sid="117305805927794" type="chr">
                                    <param id="0" name="Speed">180</param>
                                </action>
                                <action behavior="Physics" id="27" name="Set enabled" sid="500122796766001" type="chr">
                                    <param id="0" name="Mode">1</param>
                                </action>
                                <action id="-16" name="Wait" sid="801990379454289" type="System">
                                    <param id="0" name="Seconds">0.5</param>
                                </action>
                                <action behavior="Rotate" id="0" name="Set speed" sid="779749568842630" type="chr">
                                    <param id="0" name="Speed">0</param>
                                </action>
                            </actions>
                        </event-block>
                        <event-block sid="167057903821181">
                            <conditions>
                                <condition id="-8" inverted="1" name="Is boolean instance variable set" sid="870859390074573" type="chr">
                                    <param id="0" name="Instance variable">exe</param>
                                </condition>
                            </conditions>
                            <actions>
                                <action id="-9" name="Destroy" sid="774498767785949" type="bullet" />
                                <action id="-11" name="Subtract from" sid="211595714321187" type="System">
                                    <param id="0" name="Variable">xp</param>
                                    <param id="1" name="Value">50</param>
                                </action>
                                <action id="-13" name="Set boolean" sid="431632133367310" type="chr">
                                    <param id="0" name="Instance variable">died</param>
                                    <param id="1" name="Value">1</param>
                                </action>
                                <action behavior="Platform" id="11" name="Set enabled" sid="323465460514901" type="chr">
                                    <param id="0" name="State">0</param>
                                </action>
                                <action id="4" name="Set animation" sid="375696149479214" type="chr">
                                    <param id="0" name="Animation">&quot;idle&quot;</param>
                                    <param id="1" name="From">1</param>
                                </action>
                                <action behavior="Rotate" id="0" name="Set speed" sid="599598970006463" type="chr">
                                    <param id="0" name="Speed">180</param>
                                </action>
                                <action behavior="Physics" id="27" name="Set enabled" sid="375115072805692" type="chr">
                                    <param id="0" name="Mode">1</param>
                                </action>
                                <action id="-16" name="Wait" sid="215680705346253" type="System">
                                    <param id="0" name="Seconds">0.5</param>
                                </action>
                                <action behavior="Rotate" id="0" name="Set speed" sid="351914151715543" type="chr">
                                    <param id="0" name="Speed">0</param>
                                </action>
                            </actions>
                        </event-block>
                        <event-block sid="232428266443836">
                            <conditions>
                                <condition id="-8" name="Is boolean instance variable set" sid="436843007323752" type="chr">
                                    <param id="0" name="Instance variable">shahid</param>
                                </condition>
                            </conditions>
                            <actions>
                                <action id="-9" name="Destroy" sid="423617125914596" type="bullet" />
                                <action id="0" name="Spawn another object" sid="789305972973786" type="chr">
                                    <param id="0" name="Object">Expl</param>
                                    <param id="1" name="Layer">2</param>
                                    <param id="2" name="Image point">0</param>
                                </action>
                                <action id="-9" name="Destroy" sid="893646343904629" type="chr" />
                                <action id="6" name="Stop" sid="659265071433443" type="Audio">
                                    <param id="0" name="Tag">&quot;kam&quot;</param>
                                </action>
                            </actions>
                        </event-block>
                    </sub-events>
                </event-block>
            </sub-events>
        </event-block>
        <event-block sid="680291416587650">
            <conditions>
                <condition behavior="jj_Weapon" id="4" name="Shoot" sid="937154509023135" type="Weapon" />
            </conditions>
            <actions>
                <action id="4" name="Set animation" sid="461112599980947" type="Weapon">
                    <param id="0" name="Animation">&quot;shoot&quot;</param>
                    <param id="1" name="From">1</param>
                </action>
                <action id="0" name="Play" sid="626250152379857" type="Audio">
                    <param id="0" name="Audio file">Sound_02237</param>
                    <param id="2" name="Loop">0</param>
                    <param id="3" name="Volume">sound_vol</param>
                    <param id="1" name="Tag (optional)">&quot;sound&quot;</param>
                </action>
            </actions>
        </event-block>
        <event-block sid="510059314576638">
            <conditions>
                <condition behavior="jj_Weapon" id="0" name="Is ready" sid="510334439924417" type="Weapon" />
            </conditions>
            <actions>
                <action id="4" name="Set animation" sid="882737947601212" type="Weapon">
                    <param id="0" name="Animation">&quot;Default&quot;</param>
                    <param id="1" name="From">1</param>
                </action>
            </actions>
        </event-block>
        <event-block sid="387799410684133">
            <conditions>
                <condition id="-18" name="On created" sid="799191503923503" type="Expl" />
                <condition id="-8" name="Compare two values" sid="817255890905298" type="System">
                    <param id="0" name="First value">distance(Player.X, Player.Y, Expl.X, Expl.Y)</param>
                    <param id="1" name="Comparison">3</param>
                    <param id="2" name="Second value">200</param>
                </condition>
            </conditions>
            <actions>
                <action id="0" name="Call function" sid="909331626617307" type="Function">
                    <param id="0" name="Name">&quot;Die&quot;</param>
                    <param id="1" name="Parameter {n}"></param>
                </action>
            </actions>
        </event-block>
        <event-block sid="150967059650347">
            <conditions>
                <condition id="-18" name="On created" sid="915431757864807" type="Expl" />
                <condition id="-4" inverted="1" name="Is outside layout" sid="546712997675209" type="Expl" />
            </conditions>
            <actions>
                <action id="0" name="Play" sid="892452850086505" type="Audio">
                    <param id="0" name="Audio file">explosion</param>
                    <param id="2" name="Loop">0</param>
                    <param id="3" name="Volume">sound_vol</param>
                    <param id="1" name="Tag (optional)">&quot;sound&quot;</param>
                </action>
            </actions>
        </event-block>
        <event-block sid="726622959955028">
            <conditions>
                <condition id="0" name="On function" sid="990336705182414" type="Function">
                    <param id="0" name="Name">&quot;Die&quot;</param>
                </condition>
            </conditions>
            <actions>
                <action behavior="ScrollTo" id="0" name="Shake" sid="231031006421933" type="Cam">
                    <param id="0" name="Magnitude">75</param>
                    <param id="1" name="Duration">0.2</param>
                    <param id="2" name="Mode">0</param>
                </action>
                <action behavior="PlatformPlus" id="11" name="Set enabled" sid="184997750337698" type="Player">
                    <param id="0" name="State">0</param>
                </action>
                <action behavior="Physics" id="27" name="Set enabled" sid="298070867973880" type="Player">
                    <param id="0" name="Mode">1</param>
                </action>
                <action behavior="Physics" id="5" name="Apply impulse at angle" sid="330680100313571" type="Player">
                    <param id="0" name="Impulse">100</param>
                    <param id="1" name="Angle">random(40, 80)</param>
                    <param id="2" name="Image point">0</param>
                </action>
                <action id="-9" name="Destroy" sid="536789029554993" type="Weapon" />
                <action id="6" name="Stop" sid="437510048452416" type="Audio">
                    <param id="0" name="Tag">&quot;music&quot;</param>
                </action>
                <action id="6" name="Stop" sid="287443896153939" type="Audio">
                    <param id="0" name="Tag">&quot;bossmusic&quot;</param>
                </action>
                <action id="4" name="Set animation" sid="821356322885701" type="Player">
                    <param id="0" name="Animation">&quot;die&quot;</param>
                    <param id="1" name="From">1</param>
                </action>
                <action id="-9" name="Set value" sid="812338068158541" type="System">
                    <param id="0" name="Variable">xp</param>
                    <param id="1" name="Value">0</param>
                </action>
                <action id="-9" name="Set value" sid="932793188224038" type="System">
                    <param id="0" name="Variable">cutscene</param>
                    <param id="1" name="Value">&quot;false&quot;</param>
                </action>
                <action id="-9" name="Set value" sid="206648922842953" type="System">
                    <param id="0" name="Variable">BossLevel</param>
                    <param id="1" name="Value">0</param>
                </action>
                <action id="-16" name="Wait" sid="357732216834078" type="System">
                    <param id="0" name="Seconds">2.0</param>
                </action>
                <action id="-26" name="Restart layout" sid="361878864795814" type="System" />
            </actions>
        </event-block>
        <event-block sid="587520622606900">
            <conditions>
                <condition id="0" name="On function" sid="614726012098979" type="Function">
                    <param id="0" name="Name">&quot;SDie&quot;</param>
                </condition>
            </conditions>
            <actions>
                <action behavior="PlatformPlus" id="11" name="Set enabled" sid="343208247573645" type="Player">
                    <param id="0" name="State">0</param>
                </action>
                <action behavior="Physics" id="27" name="Set enabled" sid="277703927988386" type="Player">
                    <param id="0" name="Mode">1</param>
                </action>
                <action id="-9" name="Destroy" sid="713681358273277" type="Weapon" />
                <action id="6" name="Stop" sid="498167290227581" type="Audio">
                    <param id="0" name="Tag">&quot;music&quot;</param>
                </action>
                <action id="6" name="Stop" sid="155275078922790" type="Audio">
                    <param id="0" name="Tag">&quot;bossmusic&quot;</param>
                </action>
                <action id="4" name="Set animation" sid="884542648776533" type="Player">
                    <param id="0" name="Animation">&quot;die&quot;</param>
                    <param id="1" name="From">1</param>
                </action>
                <action id="-9" name="Set value" sid="599322259760823" type="System">
                    <param id="0" name="Variable">xp</param>
                    <param id="1" name="Value">0</param>
                </action>
                <action id="-9" name="Set value" sid="994460416336055" type="System">
                    <param id="0" name="Variable">cutscene</param>
                    <param id="1" name="Value">&quot;false&quot;</param>
                </action>
                <action id="-9" name="Set value" sid="583467741668664" type="System">
                    <param id="0" name="Variable">BossLevel</param>
                    <param id="1" name="Value">0</param>
                </action>
                <action id="-16" name="Wait" sid="601594778594908" type="System">
                    <param id="0" name="Seconds">2.0</param>
                </action>
                <action id="-26" name="Restart layout" sid="214780634819771" type="System" />
            </actions>
        </event-block>
        <event-block sid="821790895330528">
            <conditions>
                <condition id="1" name="Compare progress" sid="907928471697515" type="Shift">
                    <param id="0" name="Comparison">0</param>
                    <param id="1" name="Value">100</param>
                </condition>
            </conditions>
            <actions>
                <action id="1" name="Set visible" sid="610174633344048" type="Shift">
                    <param id="0" name="Visibility">0</param>
                </action>
            </actions>
        </event-block>
        <event-block sid="880002827246009">
            <conditions>
                <condition id="1" name="Compare progress" sid="684219426646019" type="Prograss">
                    <param id="0" name="Comparison">0</param>
                    <param id="1" name="Value">10</param>
                </condition>
            </conditions>
            <actions>
                <action id="1" name="Set visible" sid="517424692830762" type="Prograss">
                    <param id="0" name="Visibility">0</param>
                </action>
            </actions>
        </event-block>
        <event-block sid="842765121852942">
            <conditions>
                <condition id="1" name="Compare progress" sid="227168105049834" type="Shift">
                    <param id="0" name="Comparison">2</param>
                    <param id="1" name="Value">100</param>
                </condition>
            </conditions>
            <actions>
                <action id="1" name="Set visible" sid="101586724409140" type="Shift">
                    <param id="0" name="Visibility">1</param>
                </action>
            </actions>
        </event-block>
        <event-block sid="262526358845891">
            <conditions>
                <condition id="1" name="Compare progress" sid="767611086090522" type="Prograss">
                    <param id="0" name="Comparison">2</param>
                    <param id="1" name="Value">10</param>
                </condition>
            </conditions>
            <actions>
                <action id="1" name="Set visible" sid="483026119810092" type="Prograss">
                    <param id="0" name="Visibility">1</param>
                </action>
            </actions>
        </event-block>
        <event-block sid="399841688981404">
            <conditions>
                <condition id="0" name="On collision with another object" sid="488324633600504" type="Player">
                    <param id="0" name="Object">Sprite4</param>
                </condition>
                <condition id="2" inverted="1" name="Is playing" sid="368615699997096" type="Player">
                    <param id="0" name="Animation">&quot;die&quot;</param>
                </condition>
            </conditions>
            <actions>
                <action behavior="PlatformPlus" id="11" name="Set enabled" sid="639792236307164" type="Player">
                    <param id="0" name="State">0</param>
                </action>
                <action id="-9" name="Destroy" sid="829700203382863" type="Weapon" />
                <action id="4" name="Set animation" sid="298537317792638" type="Player">
                    <param id="0" name="Animation">&quot;die&quot;</param>
                    <param id="1" name="From">1</param>
                </action>
                <action id="-9" name="Set value" sid="835030101627647" type="System">
                    <param id="0" name="Variable">xp</param>
                    <param id="1" name="Value">0</param>
                </action>
                <action id="-9" name="Set value" sid="890852965347899" type="System">
                    <param id="0" name="Variable">cutscene</param>
                    <param id="1" name="Value">&quot;false&quot;</param>
                </action>
                <action id="-16" name="Wait" sid="863444525895050" type="System">
                    <param id="0" name="Seconds">2.0</param>
                </action>
                <action id="-26" name="Restart layout" sid="224572258437497" type="System" />
            </actions>
        </event-block>
        <event-block sid="552323964585560">
            <conditions>
                <condition behavior="jj_Weapon" id="4" name="Shoot" sid="827553492285988" type="Weapon" />
            </conditions>
            <actions />
        </event-block>
        <event-block sid="830277864820992">
            <conditions>
                <condition id="0" name="On collision with another object" sid="132224277237839" type="bulletEn">
                    <param id="0" name="Object">Player</param>
                </condition>
            </conditions>
            <actions>
                <action id="-9" name="Destroy" sid="620178859179242" type="bulletEn" />
            </actions>
            <sub-events>
                <event-block any="1" sid="390230426592454">
                    <conditions>
                        <condition id="2" name="Is playing" sid="902918212218500" type="Player">
                            <param id="0" name="Animation">&quot;walk&quot;</param>
                        </condition>
                        <condition id="2" name="Is playing" sid="425224327837726" type="Player">
                            <param id="0" name="Animation">&quot;idle&quot;</param>
                        </condition>
                    </conditions>
                    <actions>
                        <action id="0" name="Call function" sid="786419431725069" type="Function">
                            <param id="0" name="Name">&quot;SDie&quot;</param>
                            <param id="1" name="Parameter {n}"></param>
                        </action>
                    </actions>
                </event-block>
            </sub-events>
        </event-block>
        <event-block any="1" sid="994153918561265">
            <conditions>
                <condition id="0" name="On collision with another object" sid="267636322645392" type="Characters10">
                    <param id="0" name="Object">Player</param>
                </condition>
            </conditions>
            <actions />
            <sub-events>
                <event-block any="1" sid="871316255831694">
                    <conditions>
                        <condition id="2" name="Is playing" sid="934133904179861" type="Player">
                            <param id="0" name="Animation">&quot;walk&quot;</param>
                        </condition>
                        <condition id="2" name="Is playing" sid="800840886746008" type="Player">
                            <param id="0" name="Animation">&quot;idle&quot;</param>
                        </condition>
                    </conditions>
                    <actions>
                        <action id="0" name="Call function" sid="275809914361770" type="Function">
                            <param id="0" name="Name">&quot;Die&quot;</param>
                            <param id="1" name="Parameter {n}"></param>
                        </action>
                    </actions>
                </event-block>
            </sub-events>
        </event-block>
        <event-block sid="423812014384641">
            <conditions>
                <condition behavior="jj_Weapon" id="9" name="Is reloading" sid="450992053519043" type="Weapon" />
            </conditions>
            <actions>
                <action id="4" name="Set animation" sid="731920499839442" type="Weapon">
                    <param id="0" name="Animation">&quot;reload&quot;</param>
                    <param id="1" name="From">1</param>
                </action>
            </actions>
        </event-block>
        <event-block sid="153412127193038">
            <conditions>
                <condition behavior="jj_Weapon" id="9" inverted="1" name="Is reloading" sid="662056165791472" type="Weapon" />
            </conditions>
            <actions>
                <action id="4" name="Set animation" sid="569501639039179" type="Weapon">
                    <param id="0" name="Animation">&quot;Default&quot;</param>
                    <param id="1" name="From">1</param>
                </action>
            </actions>
        </event-block>
        <event-block sid="926356566102899">
            <conditions>
                <condition id="0" name="On key pressed" sid="210261970256746" type="Keyboard">
                    <param id="0" name="Key">27</param>
                </condition>
            </conditions>
            <actions>
                <action id="-10" name="Add to" sid="106625585834544" type="System">
                    <param id="0" name="Variable">pause</param>
                    <param id="1" name="Value">1</param>
                </action>
            </actions>
        </event-block>
        <event-block sid="352198031077024">
            <conditions>
                <condition id="-14" name="Compare variable" sid="505714514135007" type="System">
                    <param id="0" name="Variable">pause</param>
                    <param id="1" name="Comparison">0</param>
                    <param id="2" name="Value">0</param>
                </condition>
            </conditions>
            <actions />
            <sub-events>
                <event-block sid="315053398369402">
                    <conditions>
                        <condition id="-8" inverted="1" name="Compare two values" sid="498691805424661" type="System">
                            <param id="0" name="First value">LayoutName</param>
                            <param id="1" name="Comparison">0</param>
                            <param id="2" name="Second value">&quot;cutscene1&quot;</param>
                        </condition>
                    </conditions>
                    <actions>
                        <action id="-4" name="Set layer visible" sid="286915156013684" type="System">
                            <param id="0" name="Layer">6</param>
                            <param id="1" name="Visibility">0</param>
                        </action>
                        <action id="-13" name="Set time scale" sid="383777784301566" type="System">
                            <param id="0" name="Time scale">1.0</param>
                        </action>
                    </actions>
                </event-block>
            </sub-events>
        </event-block>
        <event-block sid="861240149042485">
            <conditions>
                <condition id="-14" name="Compare variable" sid="670858672547078" type="System">
                    <param id="0" name="Variable">pause</param>
                    <param id="1" name="Comparison">0</param>
                    <param id="2" name="Value">1</param>
                </condition>
            </conditions>
            <actions />
            <sub-events>
                <event-block sid="179714821736409">
                    <conditions>
                        <condition id="-8" inverted="1" name="Compare two values" sid="365114781144237" type="System">
                            <param id="0" name="First value">LayoutName</param>
                            <param id="1" name="Comparison">0</param>
                            <param id="2" name="Second value">&quot;cutscene1&quot;</param>
                        </condition>
                    </conditions>
                    <actions>
                        <action id="-4" name="Set layer visible" sid="457239924607581" type="System">
                            <param id="0" name="Layer">6</param>
                            <param id="1" name="Visibility">1</param>
                        </action>
                        <action id="-13" name="Set time scale" sid="116039530410009" type="System">
                            <param id="0" name="Time scale">0</param>
                        </action>
                    </actions>
                </event-block>
            </sub-events>
        </event-block>
        <event-block sid="967390728528526">
            <conditions>
                <condition id="-14" name="Compare variable" sid="337382719592020" type="System">
                    <param id="0" name="Variable">pause</param>
                    <param id="1" name="Comparison">5</param>
                    <param id="2" name="Value">2</param>
                </condition>
            </conditions>
            <actions />
            <sub-events>
                <event-block sid="497493062621525">
                    <conditions>
                        <condition id="-8" inverted="1" name="Compare two values" sid="292385031687086" type="System">
                            <param id="0" name="First value">LayoutName</param>
                            <param id="1" name="Comparison">0</param>
                            <param id="2" name="Second value">&quot;cutscene1&quot;</param>
                        </condition>
                    </conditions>
                    <actions>
                        <action id="-9" name="Set value" sid="293256423080028" type="System">
                            <param id="0" name="Variable">pause</param>
                            <param id="1" name="Value">0</param>
                        </action>
                    </actions>
                </event-block>
            </sub-events>
        </event-block>
        <event-block sid="739273998410165">
            <conditions>
                <condition id="0" name="On key pressed" sid="332486683891519" type="Keyboard">
                    <param id="0" name="Key">85</param>
                </condition>
            </conditions>
            <actions>
                <action id="-9" name="Set value" sid="498997278651501" type="System">
                    <param id="0" name="Variable">BossLevel</param>
                    <param id="1" name="Value">0</param>
                </action>
                <action id="-9" name="Set value" sid="442522675225543" type="System">
                    <param id="0" name="Variable">xp</param>
                    <param id="1" name="Value">0</param>
                </action>
                <action id="-9" name="Set value" sid="477638731135148" type="System">
                    <param id="0" name="Variable">cutscene</param>
                    <param id="1" name="Value">&quot;false&quot;</param>
                </action>
                <action id="-26" name="Restart layout" sid="731572365883506" type="System" />
            </actions>
        </event-block>
        <event-block sid="709279493389237">
            <conditions>
                <condition id="0" name="On collision with another object" sid="471050642920580" type="bullet">
                    <param id="0" name="Object">Sprite6</param>
                </condition>
            </conditions>
            <actions>
                <action id="-9" name="Destroy" sid="264540313362112" type="bullet" />
            </actions>
        </event-block>
    </events>
</c2eventsheet>
